year,region_code,region,taxable_income
2009,33100,岡山県 岡山市,1001167735
2010,33100,岡山県 岡山市,931926719
2011,33100,岡山県 岡山市,930129439
2012,33100,岡山県 岡山市,937672624
2013,33100,岡山県 岡山市,947885454
2014,33100,岡山県 岡山市,997079990
2015,33100,岡山県 岡山市,995423106
2016,33100,岡山県 岡山市,1026529639
2017,33100,岡山県 岡山市,1034645461
2018,33100,岡山県 岡山市,1063618985
2019,33100,岡山県 岡山市,1082192969
2020,33100,岡山県 岡山市,1092248088
2021,33100,岡山県 岡山市,1125727802
2022,33100,岡山県 岡山市,1158870098
1985,33201,（旧）岡山県 岡山市,530042263
1986,33201,（旧）岡山県 岡山市,557270875
1987,33201,（旧）岡山県 岡山市,584658876
1988,33201,（旧）岡山県 岡山市,618410057
1989,33201,（旧）岡山県 岡山市,663240028
1990,33201,（旧）岡山県 岡山市,727181786
1991,33201,（旧）岡山県 岡山市,813674101
1992,33201,（旧）岡山県 岡山市,876169468
1993,33201,（旧）岡山県 岡山市,865923786
1994,33201,（旧）岡山県 岡山市,905661459
1995,33201,（旧）岡山県 岡山市,940406155
1996,33201,（旧）岡山県 岡山市,945791019
1997,33201,（旧）岡山県 岡山市,979348972
1998,33201,（旧）岡山県 岡山市,973297650
1999,33201,（旧）岡山県 岡山市,956308962
2000,33201,（旧）岡山県 岡山市,928933261
2001,33201,（旧）岡山県 岡山市,919999070
2002,33201,（旧）岡山県 岡山市,903991230
2003,33201,（旧）岡山県 岡山市,873862761
2004,33201,（旧）岡山県 岡山市,870122726
2005,33201,（旧）岡山県 岡山市,916077388
2006,33201,（旧）岡山県 岡山市,959841772
2007,33201,（旧）岡山県 岡山市,992716179
2008,33201,（旧）岡山県 岡山市,1006664846
1985,33202,岡山県 倉敷市,370058537
1986,33202,岡山県 倉敷市,389635357
1987,33202,岡山県 倉敷市,404597572
1988,33202,岡山県 倉敷市,415511885
1989,33202,岡山県 倉敷市,439030845
1990,33202,岡山県 倉敷市,473081495
1991,33202,岡山県 倉敷市,522914889
1992,33202,岡山県 倉敷市,573412772
1993,33202,岡山県 倉敷市,580729316
1994,33202,岡山県 倉敷市,599042074
1995,33202,岡山県 倉敷市,610107450
1996,33202,岡山県 倉敷市,618926665
1997,33202,岡山県 倉敷市,632762247
1998,33202,岡山県 倉敷市,635029270
1999,33202,岡山県 倉敷市,615194647
2000,33202,岡山県 倉敷市,592939465
2001,33202,岡山県 倉敷市,579976378
2002,33202,岡山県 倉敷市,567187984
2003,33202,岡山県 倉敷市,551575701
2004,33202,岡山県 倉敷市,553859880
2005,33202,岡山県 倉敷市,564133130
2006,33202,岡山県 倉敷市,637410571
2007,33202,岡山県 倉敷市,650475505
2008,33202,岡山県 倉敷市,655474846
2009,33202,岡山県 倉敷市,650880141
2010,33202,岡山県 倉敷市,601539503
2011,33202,岡山県 倉敷市,598900997
2012,33202,岡山県 倉敷市,605475322
2013,33202,岡山県 倉敷市,604648376
2014,33202,岡山県 倉敷市,614665766
2015,33202,岡山県 倉敷市,629599075
2016,33202,岡山県 倉敷市,638894988
2017,33202,岡山県 倉敷市,652930993
2018,33202,岡山県 倉敷市,665114469
2019,33202,岡山県 倉敷市,669623205
2020,33202,岡山県 倉敷市,684494012
2021,33202,岡山県 倉敷市,699368659
2022,33202,岡山県 倉敷市,713645295
1985,33204,岡山県 玉野市,66024624
1986,33204,岡山県 玉野市,68772097
1987,33204,岡山県 玉野市,66973976
1988,33204,岡山県 玉野市,66698245
1989,33204,岡山県 玉野市,69203411
1990,33204,岡山県 玉野市,73312547
1991,33204,岡山県 玉野市,82727293
1992,33204,岡山県 玉野市,89595947
1993,33204,岡山県 玉野市,91985676
1994,33204,岡山県 玉野市,94437003
1995,33204,岡山県 玉野市,96729118
1996,33204,岡山県 玉野市,95982479
1997,33204,岡山県 玉野市,98059003
1998,33204,岡山県 玉野市,99131193
1999,33204,岡山県 玉野市,95096833
2000,33204,岡山県 玉野市,88098460
2001,33204,岡山県 玉野市,85843650
2002,33204,岡山県 玉野市,86043366
2003,33204,岡山県 玉野市,82507109
2004,33204,岡山県 玉野市,80980230
2005,33204,岡山県 玉野市,80508171
2006,33204,岡山県 玉野市,84916117
2007,33204,岡山県 玉野市,84730075
2008,33204,岡山県 玉野市,84396350
2009,33204,岡山県 玉野市,84002477
2010,33204,岡山県 玉野市,79206850
2011,33204,岡山県 玉野市,76910003
2012,33204,岡山県 玉野市,75224474
2013,33204,岡山県 玉野市,74040214
2014,33204,岡山県 玉野市,72259853
2015,33204,岡山県 玉野市,70971725
2016,33204,岡山県 玉野市,71204510
2017,33204,岡山県 玉野市,71697635
2018,33204,岡山県 玉野市,72643882
2019,33204,岡山県 玉野市,71541945
2020,33204,岡山県 玉野市,71893710
2021,33204,岡山県 玉野市,73455164
2022,33204,岡山県 玉野市,72196226
1985,33205,岡山県 笠岡市,44958410
1986,33205,岡山県 笠岡市,48045378
1987,33205,岡山県 笠岡市,48392390
1988,33205,岡山県 笠岡市,49001514
1989,33205,岡山県 笠岡市,51172235
1990,33205,岡山県 笠岡市,53456087
1991,33205,岡山県 笠岡市,59931612
1992,33205,岡山県 笠岡市,65422246
1993,33205,岡山県 笠岡市,66105020
1994,33205,岡山県 笠岡市,68139677
1995,33205,岡山県 笠岡市,69186807
1996,33205,岡山県 笠岡市,70523758
1997,33205,岡山県 笠岡市,71931266
1998,33205,岡山県 笠岡市,72362417
1999,33205,岡山県 笠岡市,70101942
2000,33205,岡山県 笠岡市,67636586
2001,33205,岡山県 笠岡市,66204115
2002,33205,岡山県 笠岡市,64324691
2003,33205,岡山県 笠岡市,61658298
2004,33205,岡山県 笠岡市,60741120
2005,33205,岡山県 笠岡市,61475372
2006,33205,岡山県 笠岡市,65087226
2007,33205,岡山県 笠岡市,65541756
2008,33205,岡山県 笠岡市,65433613
2009,33205,岡山県 笠岡市,63776345
2010,33205,岡山県 笠岡市,57691522
2011,33205,岡山県 笠岡市,57369513
2012,33205,岡山県 笠岡市,56727563
2013,33205,岡山県 笠岡市,55570887
2014,33205,岡山県 笠岡市,55286636
2015,33205,岡山県 笠岡市,55762434
2016,33205,岡山県 笠岡市,56103494
2017,33205,岡山県 笠岡市,57100536
2018,33205,岡山県 笠岡市,56621454
2019,33205,岡山県 笠岡市,56471441
2020,33205,岡山県 笠岡市,55820198
2021,33205,岡山県 笠岡市,56970051
2022,33205,岡山県 笠岡市,56804437
1985,33211,岡山県 備前市,26273514
1986,33211,岡山県 備前市,27519652
1987,33211,岡山県 備前市,28121137
1988,33211,岡山県 備前市,28010662
1989,33211,岡山県 備前市,30141790
1990,33211,岡山県 備前市,32003635
1991,33211,岡山県 備前市,35498976
1992,33211,岡山県 備前市,38339450
1993,33211,岡山県 備前市,37789023
1994,33211,岡山県 備前市,38248990
1995,33211,岡山県 備前市,38519751
1996,33211,岡山県 備前市,38072137
1997,33211,岡山県 備前市,38554958
1998,33211,岡山県 備前市,38286271
1999,33211,岡山県 備前市,37333740
2000,33211,岡山県 備前市,34742302
2001,33211,岡山県 備前市,34982742
2002,33211,岡山県 備前市,33019329
2003,33211,岡山県 備前市,30641273
2004,33211,岡山県 備前市,29748436
2005,33211,岡山県 備前市,44222532
2006,33211,岡山県 備前市,46734208
2007,33211,岡山県 備前市,46506237
2008,33211,岡山県 備前市,45984323
2009,33211,岡山県 備前市,44932159
2010,33211,岡山県 備前市,40356826
2011,33211,岡山県 備前市,40249880
2012,33211,岡山県 備前市,40173600
2013,33211,岡山県 備前市,39041221
2014,33211,岡山県 備前市,38107725
2015,33211,岡山県 備前市,38095548
2016,33211,岡山県 備前市,37722427
2017,33211,岡山県 備前市,37785972
2018,33211,岡山県 備前市,38392197
2019,33211,岡山県 備前市,38345203
2020,33211,岡山県 備前市,38326682
2021,33211,岡山県 備前市,38878641
2022,33211,岡山県 備前市,39054901
2005,33212,岡山県 瀬戸内市,44181923
2006,33212,岡山県 瀬戸内市,46385245
2007,33212,岡山県 瀬戸内市,46339767
2008,33212,岡山県 瀬戸内市,45877646
2009,33212,岡山県 瀬戸内市,45599751
2010,33212,岡山県 瀬戸内市,42384725
2011,33212,岡山県 瀬戸内市,41630204
2012,33212,岡山県 瀬戸内市,42174540
2013,33212,岡山県 瀬戸内市,42265206
2014,33212,岡山県 瀬戸内市,42590806
2015,33212,岡山県 瀬戸内市,42781240
2016,33212,岡山県 瀬戸内市,43325202
2017,33212,岡山県 瀬戸内市,43922065
2018,33212,岡山県 瀬戸内市,44269719
2019,33212,岡山県 瀬戸内市,44891123
2020,33212,岡山県 瀬戸内市,45582770
2021,33212,岡山県 瀬戸内市,46137659
2022,33212,岡山県 瀬戸内市,46575427
1985,33342,（旧）岡山県 日生町,8200295
1986,33342,（旧）岡山県 日生町,9028444
1987,33342,（旧）岡山県 日生町,9027392
1988,33342,（旧）岡山県 日生町,8656744
1989,33342,（旧）岡山県 日生町,8902858
1990,33342,（旧）岡山県 日生町,9799848
1991,33342,（旧）岡山県 日生町,10929191
1992,33342,（旧）岡山県 日生町,11960097
1993,33342,（旧）岡山県 日生町,12306119
1994,33342,（旧）岡山県 日生町,11914488
1995,33342,（旧）岡山県 日生町,11861918
1996,33342,（旧）岡山県 日生町,12125538
1997,33342,（旧）岡山県 日生町,12522433
1998,33342,（旧）岡山県 日生町,12462036
1999,33342,（旧）岡山県 日生町,11769666
2000,33342,（旧）岡山県 日生町,11051911
2001,33342,（旧）岡山県 日生町,10462327
2002,33342,（旧）岡山県 日生町,10358654
2003,33342,（旧）岡山県 日生町,9300346
2004,33342,（旧）岡山県 日生町,8545679
1985,34100,広島県 広島市,1091870133
1986,34100,広島県 広島市,1154759248
1987,34100,広島県 広島市,1208167259
1988,34100,広島県 広島市,1276077691
1989,34100,広島県 広島市,1372742300
1990,34100,広島県 広島市,1507440291
1991,34100,広島県 広島市,1683692844
1992,34100,広島県 広島市,1814435413
1993,34100,広島県 広島市,1785525436
1994,34100,広島県 広島市,1826990524
1995,34100,広島県 広島市,1858714496
1996,34100,広島県 広島市,1858969729
1997,34100,広島県 広島市,1903959157
1998,34100,広島県 広島市,1905345096
1999,34100,広島県 広島市,1870609811
2000,34100,広島県 広島市,1831399490
2001,34100,広島県 広島市,1805928997
2002,34100,広島県 広島市,1768072683
2003,34100,広島県 広島市,1722008329
2004,34100,広島県 広島市,1695772180
2005,34100,広島県 広島市,1735605309
2006,34100,広島県 広島市,1796577835
2007,34100,広島県 広島市,1810846804
2008,34100,広島県 広島市,1830818655
2009,34100,広島県 広島市,1828121301
2010,34100,広島県 広島市,1720213761
2011,34100,広島県 広島市,1702461432
2012,34100,広島県 広島市,1718943940
2013,34100,広島県 広島市,1727317265
2014,34100,広島県 広島市,1766011773
2015,34100,広島県 広島市,1809353868
2016,34100,広島県 広島市,1855238881
2017,34100,広島県 広島市,1904501247
2018,34100,広島県 広島市,1938410424
2019,34100,広島県 広島市,1967328554
2020,34100,広島県 広島市,2000878826
2021,34100,広島県 広島市,2047281381
2022,34100,広島県 広島市,2097462162
1985,34202,広島県 呉市,208627139
1986,34202,広島県 呉市,218040804
1987,34202,広島県 呉市,222838960
1988,34202,広島県 呉市,223259372
1989,34202,広島県 呉市,235763767
1990,34202,広島県 呉市,252507861
1991,34202,広島県 呉市,276198979
1992,34202,広島県 呉市,296774974
1993,34202,広島県 呉市,304699547
1994,34202,広島県 呉市,305651941
1995,34202,広島県 呉市,308503904
1996,34202,広島県 呉市,310498492
1997,34202,広島県 呉市,315672243
1998,34202,広島県 呉市,314012869
1999,34202,広島県 呉市,309404086
2000,34202,広島県 呉市,298619333
2001,34202,広島県 呉市,290762926
2002,34202,広島県 呉市,283474689
2003,34202,広島県 呉市,276643906
2004,34202,広島県 呉市,281362342
2005,34202,広島県 呉市,328830450
2006,34202,広島県 呉市,347243088
2007,34202,広島県 呉市,345088285
2008,34202,広島県 呉市,344872279
2009,34202,広島県 呉市,339619896
2010,34202,広島県 呉市,312452897
2011,34202,広島県 呉市,310828769
2012,34202,広島県 呉市,309762795
2013,34202,広島県 呉市,301188553
2014,34202,広島県 呉市,297402299
2015,34202,広島県 呉市,300875209
2016,34202,広島県 呉市,304343124
2017,34202,広島県 呉市,308340616
2018,34202,広島県 呉市,308877758
2019,34202,広島県 呉市,309494539
2020,34202,広島県 呉市,311543766
2021,34202,広島県 呉市,312798211
2022,34202,広島県 呉市,312354368
1985,34203,広島県 竹原市,29526600
1986,34203,広島県 竹原市,30484339
1987,34203,広島県 竹原市,31056047
1988,34203,広島県 竹原市,31535155
1989,34203,広島県 竹原市,33064717
1990,34203,広島県 竹原市,35008838
1991,34203,広島県 竹原市,38054254
1992,34203,広島県 竹原市,43806342
1993,34203,広島県 竹原市,44094189
1994,34203,広島県 竹原市,43157240
1995,34203,広島県 竹原市,43899728
1996,34203,広島県 竹原市,44131828
1997,34203,広島県 竹原市,44095820
1998,34203,広島県 竹原市,44599604
1999,34203,広島県 竹原市,42752088
2000,34203,広島県 竹原市,41066613
2001,34203,広島県 竹原市,39160996
2002,34203,広島県 竹原市,38075395
2003,34203,広島県 竹原市,36168849
2004,34203,広島県 竹原市,35001439
2005,34203,広島県 竹原市,35102115
2006,34203,広島県 竹原市,36491538
2007,34203,広島県 竹原市,36483270
2008,34203,広島県 竹原市,35735279
2009,34203,広島県 竹原市,34312775
2010,34203,広島県 竹原市,31563182
2011,34203,広島県 竹原市,31001802
2012,34203,広島県 竹原市,30733234
2013,34203,広島県 竹原市,30131721
2014,34203,広島県 竹原市,29730141
2015,34203,広島県 竹原市,29849295
2016,34203,広島県 竹原市,29844353
2017,34203,広島県 竹原市,30026092
2018,34203,広島県 竹原市,29878974
2019,34203,広島県 竹原市,29842897
2020,34203,広島県 竹原市,30048905
2021,34203,広島県 竹原市,29651822
2022,34203,広島県 竹原市,29845326
1985,34204,広島県 三原市,74790284
1986,34204,広島県 三原市,77757783
1987,34204,広島県 三原市,77924085
1988,34204,広島県 三原市,80192818
1989,34204,広島県 三原市,84491267
1990,34204,広島県 三原市,89473372
1991,34204,広島県 三原市,100586742
1992,34204,広島県 三原市,109898244
1993,34204,広島県 三原市,110661540
1994,34204,広島県 三原市,113151999
1995,34204,広島県 三原市,114430688
1996,34204,広島県 三原市,113863217
1997,34204,広島県 三原市,117172138
1998,34204,広島県 三原市,118877771
1999,34204,広島県 三原市,116964333
2000,34204,広島県 三原市,112063703
2001,34204,広島県 三原市,108276372
2002,34204,広島県 三原市,105867060
2003,34204,広島県 三原市,102791272
2004,34204,広島県 三原市,101650635
2005,34204,広島県 三原市,129259930
2006,34204,広島県 三原市,134618519
2007,34204,広島県 三原市,133415071
2008,34204,広島県 三原市,134405791
2009,34204,広島県 三原市,131356522
2010,34204,広島県 三原市,122284631
2011,34204,広島県 三原市,119202370
2012,34204,広島県 三原市,117217539
2013,34204,広島県 三原市,115197287
2014,34204,広島県 三原市,114249535
2015,34204,広島県 三原市,114488684
2016,34204,広島県 三原市,116023070
2017,34204,広島県 三原市,117817192
2018,34204,広島県 三原市,117345703
2019,34204,広島県 三原市,117116987
2020,34204,広島県 三原市,117507273
2021,34204,広島県 三原市,120563609
2022,34204,広島県 三原市,124623182
1985,34205,広島県 尾道市,82542086
1986,34205,広島県 尾道市,84560609
1987,34205,広島県 尾道市,84533421
1988,34205,広島県 尾道市,83687084
1989,34205,広島県 尾道市,88927011
1990,34205,広島県 尾道市,96755192
1991,34205,広島県 尾道市,106745084
1992,34205,広島県 尾道市,114993668
1993,34205,広島県 尾道市,117574864
1994,34205,広島県 尾道市,120731395
1995,34205,広島県 尾道市,119905257
1996,34205,広島県 尾道市,121550008
1997,34205,広島県 尾道市,124476210
1998,34205,広島県 尾道市,125640921
1999,34205,広島県 尾道市,122149296
2000,34205,広島県 尾道市,116779112
2001,34205,広島県 尾道市,114565783
2002,34205,広島県 尾道市,111719982
2003,34205,広島県 尾道市,108561399
2004,34205,広島県 尾道市,108013350
2005,34205,広島県 尾道市,135714601
2006,34205,広島県 尾道市,184478546
2007,34205,広島県 尾道市,185712892
2008,34205,広島県 尾道市,188604099
2009,34205,広島県 尾道市,187099787
2010,34205,広島県 尾道市,175120043
2011,34205,広島県 尾道市,172009824
2012,34205,広島県 尾道市,171212144
2013,34205,広島県 尾道市,166457385
2014,34205,広島県 尾道市,163762288
2015,34205,広島県 尾道市,165260249
2016,34205,広島県 尾道市,168456945
2017,34205,広島県 尾道市,172167284
2018,34205,広島県 尾道市,172251677
2019,34205,広島県 尾道市,173186724
2020,34205,広島県 尾道市,173241549
2021,34205,広島県 尾道市,174889130
2022,34205,広島県 尾道市,174917040
1985,34206,（旧）広島県 因島市,27064018
1986,34206,（旧）広島県 因島市,26622928
1987,34206,（旧）広島県 因島市,22911523
1988,34206,（旧）広島県 因島市,19361377
1989,34206,（旧）広島県 因島市,21575132
1990,34206,（旧）広島県 因島市,24333437
1991,34206,（旧）広島県 因島市,29513259
1992,34206,（旧）広島県 因島市,32194222
1993,34206,（旧）広島県 因島市,33325800
1994,34206,（旧）広島県 因島市,33874000
1995,34206,（旧）広島県 因島市,33427912
1996,34206,（旧）広島県 因島市,33893565
1997,34206,（旧）広島県 因島市,34653390
1998,34206,（旧）広島県 因島市,35352635
1999,34206,（旧）広島県 因島市,34265796
2000,34206,（旧）広島県 因島市,32396718
2001,34206,（旧）広島県 因島市,30844142
2002,34206,（旧）広島県 因島市,30698379
2003,34206,（旧）広島県 因島市,29680396
2004,34206,（旧）広島県 因島市,28923629
2005,34206,（旧）広島県 因島市,29396890
1985,34207,広島県 福山市,316751998
1986,34207,広島県 福山市,332009120
1987,34207,広島県 福山市,340226576
1988,34207,広島県 福山市,353008120
1989,34207,広島県 福山市,378362988
1990,34207,広島県 福山市,412415036
1991,34207,広島県 福山市,461837688
1992,34207,広島県 福山市,507036232
1993,34207,広島県 福山市,501638367
1994,34207,広島県 福山市,512262676
1995,34207,広島県 福山市,516536027
1996,34207,広島県 福山市,522548987
1997,34207,広島県 福山市,540452617
1998,34207,広島県 福山市,543402303
1999,34207,広島県 福山市,530265863
2000,34207,広島県 福山市,511249247
2001,34207,広島県 福山市,509351750
2002,34207,広島県 福山市,499646153
2003,34207,広島県 福山市,508061280
2004,34207,広島県 福山市,505476828
2005,34207,広島県 福山市,532945067
2006,34207,広島県 福山市,620925992
2007,34207,広島県 福山市,633338449
2008,34207,広島県 福山市,648947233
2009,34207,広島県 福山市,624053293
2010,34207,広島県 福山市,573515062
2011,34207,広島県 福山市,578747295
2012,34207,広島県 福山市,578006625
2013,34207,広島県 福山市,577189345
2014,34207,広島県 福山市,581974455
2015,34207,広島県 福山市,596048681
2016,34207,広島県 福山市,611717892
2017,34207,広島県 福山市,620289768
2018,34207,広島県 福山市,631735029
2019,34207,広島県 福山市,647686504
2020,34207,広島県 福山市,656438443
2021,34207,広島県 福山市,686243393
2022,34207,広島県 福山市,692130912
1985,34211,広島県 大竹市,32195535
1986,34211,広島県 大竹市,33610321
1987,34211,広島県 大竹市,34585776
1988,34211,広島県 大竹市,35863456
1989,34211,広島県 大竹市,36834162
1990,34211,広島県 大竹市,38561709
1991,34211,広島県 大竹市,42508866
1992,34211,広島県 大竹市,45763696
1993,34211,広島県 大竹市,46270703
1994,34211,広島県 大竹市,46869666
1995,34211,広島県 大竹市,47443706
1996,34211,広島県 大竹市,46641795
1997,34211,広島県 大竹市,47174522
1998,34211,広島県 大竹市,47083670
1999,34211,広島県 大竹市,46141815
2000,34211,広島県 大竹市,44994765
2001,34211,広島県 大竹市,43076100
2002,34211,広島県 大竹市,41707443
2003,34211,広島県 大竹市,39887905
2004,34211,広島県 大竹市,38762314
2005,34211,広島県 大竹市,38567487
2006,34211,広島県 大竹市,40597648
2007,34211,広島県 大竹市,40688987
2008,34211,広島県 大竹市,40061478
2009,34211,広島県 大竹市,39202279
2010,34211,広島県 大竹市,35643703
2011,34211,広島県 大竹市,35576678
2012,34211,広島県 大竹市,35533376
2013,34211,広島県 大竹市,34875231
2014,34211,広島県 大竹市,34779691
2015,34211,広島県 大竹市,35381396
2016,34211,広島県 大竹市,36026792
2017,34211,広島県 大竹市,36371193
2018,34211,広島県 大竹市,36360800
2019,34211,広島県 大竹市,36819288
2020,34211,広島県 大竹市,36185022
2021,34211,広島県 大竹市,36863332
2022,34211,広島県 大竹市,36727376
1985,34212,広島県 東広島市,78727885
1986,34212,広島県 東広島市,85135461
1987,34212,広島県 東広島市,89811535
1988,34212,広島県 東広島市,94422957
1989,34212,広島県 東広島市,100116875
1990,34212,広島県 東広島市,111686647
1991,34212,広島県 東広島市,128726407
1992,34212,広島県 東広島市,144317556
1993,34212,広島県 東広島市,144176425
1994,34212,広島県 東広島市,151357816
1995,34212,広島県 東広島市,157876675
1996,34212,広島県 東広島市,161304487
1997,34212,広島県 東広島市,168986689
1998,34212,広島県 東広島市,173965977
1999,34212,広島県 東広島市,175746257
2000,34212,広島県 東広島市,173023002
2001,34212,広島県 東広島市,173654998
2002,34212,広島県 東広島市,173598272
2003,34212,広島県 東広島市,173439576
2004,34212,広島県 東広島市,177065761
2005,34212,広島県 東広島市,242419085
2006,34212,広島県 東広島市,254919151
2007,34212,広島県 東広島市,260742892
2008,34212,広島県 東広島市,263243193
2009,34212,広島県 東広島市,260404177
2010,34212,広島県 東広島市,243592023
2011,34212,広島県 東広島市,245234380
2012,34212,広島県 東広島市,245640095
2013,34212,広島県 東広島市,242124489
2014,34212,広島県 東広島市,243645667
2015,34212,広島県 東広島市,253755454
2016,34212,広島県 東広島市,259712360
2017,34212,広島県 東広島市,341045509
2018,34212,広島県 東広島市,270401504
2019,34212,広島県 東広島市,281789789
2020,34212,広島県 東広島市,348381570
2021,34212,広島県 東広島市,300001238
2022,34212,広島県 東広島市,311694762
1988,34213,広島県 廿日市市,65007430
1989,34213,広島県 廿日市市,72828570
1990,34213,広島県 廿日市市,84853365
1991,34213,広島県 廿日市市,98194382
1992,34213,広島県 廿日市市,108162740
1993,34213,広島県 廿日市市,108073938
1994,34213,広島県 廿日市市,112584333
1995,34213,広島県 廿日市市,116748097
1996,34213,広島県 廿日市市,116741939
1997,34213,広島県 廿日市市,120983176
1998,34213,広島県 廿日市市,121306126
1999,34213,広島県 廿日市市,117945800
2000,34213,広島県 廿日市市,118399789
2001,34213,広島県 廿日市市,116629517
2002,34213,広島県 廿日市市,115522633
2003,34213,広島県 廿日市市,126222777
2004,34213,広島県 廿日市市,124429009
2005,34213,広島県 廿日市市,126386159
2006,34213,広島県 廿日市市,171050500
2007,34213,広島県 廿日市市,172476266
2008,34213,広島県 廿日市市,171413409
2009,34213,広島県 廿日市市,168084855
2010,34213,広島県 廿日市市,158303023
2011,34213,広島県 廿日市市,157571257
2012,34213,広島県 廿日市市,156342476
2013,34213,広島県 廿日市市,156889093
2014,34213,広島県 廿日市市,159660629
2015,34213,広島県 廿日市市,159266513
2016,34213,広島県 廿日市市,163481339
2017,34213,広島県 廿日市市,165561320
2018,34213,広島県 廿日市市,168373855
2019,34213,広島県 廿日市市,169812934
2020,34213,広島県 廿日市市,171421160
2021,34213,広島県 廿日市市,173407427
2022,34213,広島県 廿日市市,175111331
2005,34215,広島県 江田島市,34541025
2006,34215,広島県 江田島市,36209061
2007,34215,広島県 江田島市,35375249
2008,34215,広島県 江田島市,34618743
2009,34215,広島県 江田島市,33103529
2010,34215,広島県 江田島市,30632739
2011,34215,広島県 江田島市,29500036
2012,34215,広島県 江田島市,29179872
2013,34215,広島県 江田島市,27682069
2014,34215,広島県 江田島市,27544024
2015,34215,広島県 江田島市,27693957
2016,34215,広島県 江田島市,28474020
2017,34215,広島県 江田島市,27956120
2018,34215,広島県 江田島市,27286375
2019,34215,広島県 江田島市,27054269
2020,34215,広島県 江田島市,26459025
2021,34215,広島県 江田島市,27019462
2022,34215,広島県 江田島市,26821712
1985,34310,（旧）広島県 江田島町,13107819
1986,34310,（旧）広島県 江田島町,13837883
1987,34310,（旧）広島県 江田島町,14094513
1988,34310,（旧）広島県 江田島町,14160059
1989,34310,（旧）広島県 江田島町,14327675
1990,34310,（旧）広島県 江田島町,15043175
1991,34310,（旧）広島県 江田島町,16730388
1992,34310,（旧）広島県 江田島町,17677727
1993,34310,（旧）広島県 江田島町,18176116
1994,34310,（旧）広島県 江田島町,18378757
1995,34310,（旧）広島県 江田島町,18182265
1996,34310,（旧）広島県 江田島町,18309516
1997,34310,（旧）広島県 江田島町,18275756
1998,34310,（旧）広島県 江田島町,18349268
1999,34310,（旧）広島県 江田島町,18276549
2000,34310,（旧）広島県 江田島町,17197147
2001,34310,（旧）広島県 江田島町,16644716
2002,34310,（旧）広島県 江田島町,16404186
2003,34310,（旧）広島県 江田島町,15825168
2004,34310,（旧）広島県 江田島町,15133754
1985,34312,（旧）広島県 倉橋町,6228053
1986,34312,（旧）広島県 倉橋町,6698305
1987,34312,（旧）広島県 倉橋町,6933041
1988,34312,（旧）広島県 倉橋町,6796379
1989,34312,（旧）広島県 倉橋町,7436247
1990,34312,（旧）広島県 倉橋町,7817838
1991,34312,（旧）広島県 倉橋町,9417568
1992,34312,（旧）広島県 倉橋町,10101481
1993,34312,（旧）広島県 倉橋町,10189405
1994,34312,（旧）広島県 倉橋町,10207701
1995,34312,（旧）広島県 倉橋町,10454826
1996,34312,（旧）広島県 倉橋町,10103812
1997,34312,（旧）広島県 倉橋町,10029833
1998,34312,（旧）広島県 倉橋町,9622885
1999,34312,（旧）広島県 倉橋町,9501436
2000,34312,（旧）広島県 倉橋町,9027806
2001,34312,（旧）広島県 倉橋町,8705047
2002,34312,（旧）広島県 倉橋町,8496788
2003,34312,（旧）広島県 倉橋町,8304918
2004,34312,（旧）広島県 倉橋町,7626365
1985,34313,（旧）広島県 下蒲刈町,1723421
1986,34313,（旧）広島県 下蒲刈町,1819594
1987,34313,（旧）広島県 下蒲刈町,2072455
1988,34313,（旧）広島県 下蒲刈町,2228604
1989,34313,（旧）広島県 下蒲刈町,2194719
1990,34313,（旧）広島県 下蒲刈町,2269414
1991,34313,（旧）広島県 下蒲刈町,2637207
1992,34313,（旧）広島県 下蒲刈町,3092899
1993,34313,（旧）広島県 下蒲刈町,2944700
1994,34313,（旧）広島県 下蒲刈町,3055006
1995,34313,（旧）広島県 下蒲刈町,2957474
1996,34313,（旧）広島県 下蒲刈町,3337716
1997,34313,（旧）広島県 下蒲刈町,3274885
1998,34313,（旧）広島県 下蒲刈町,3280146
1999,34313,（旧）広島県 下蒲刈町,3185703
2000,34313,（旧）広島県 下蒲刈町,2979534
2001,34313,（旧）広島県 下蒲刈町,2806859
2002,34313,（旧）広島県 下蒲刈町,2728410
1985,34314,（旧）広島県 蒲刈町,2062704
1986,34314,（旧）広島県 蒲刈町,2128719
1987,34314,（旧）広島県 蒲刈町,2128585
1988,34314,（旧）広島県 蒲刈町,2154630
1989,34314,（旧）広島県 蒲刈町,2391781
1990,34314,（旧）広島県 蒲刈町,2363056
1991,34314,（旧）広島県 蒲刈町,2610475
1992,34314,（旧）広島県 蒲刈町,2780873
1993,34314,（旧）広島県 蒲刈町,2880448
1994,34314,（旧）広島県 蒲刈町,2754528
1995,34314,（旧）広島県 蒲刈町,2769843
1996,34314,（旧）広島県 蒲刈町,3014014
1997,34314,（旧）広島県 蒲刈町,3047009
1998,34314,（旧）広島県 蒲刈町,2942284
1999,34314,（旧）広島県 蒲刈町,2993026
2000,34314,（旧）広島県 蒲刈町,2833749
2001,34314,（旧）広島県 蒲刈町,2624947
2002,34314,（旧）広島県 蒲刈町,2548033
2003,34314,（旧）広島県 蒲刈町,2375967
2004,34314,（旧）広島県 蒲刈町,2400101
1985,34327,（旧）広島県 宮島町,3325082
1986,34327,（旧）広島県 宮島町,3381597
1987,34327,（旧）広島県 宮島町,3560667
1988,34327,（旧）広島県 宮島町,3483186
1989,34327,（旧）広島県 宮島町,3434774
1990,34327,（旧）広島県 宮島町,3912984
1991,34327,（旧）広島県 宮島町,3885023
1992,34327,（旧）広島県 宮島町,4290305
1993,34327,（旧）広島県 宮島町,4563977
1994,34327,（旧）広島県 宮島町,4016355
1995,34327,（旧）広島県 宮島町,3954382
1996,34327,（旧）広島県 宮島町,3773845
1997,34327,（旧）広島県 宮島町,3792032
1998,34327,（旧）広島県 宮島町,3715177
1999,34327,（旧）広島県 宮島町,3482225
2000,34327,（旧）広島県 宮島町,3160428
2001,34327,（旧）広島県 宮島町,2810727
2002,34327,（旧）広島県 宮島町,2643140
2003,34327,（旧）広島県 宮島町,2544474
2004,34327,（旧）広島県 宮島町,2419193
2005,34327,（旧）広島県 宮島町,2491991
1985,34330,（旧）広島県 大柿町,8127252
1986,34330,（旧）広島県 大柿町,8545126
1987,34330,（旧）広島県 大柿町,8400324
1988,34330,（旧）広島県 大柿町,8213068
1989,34330,（旧）広島県 大柿町,8782481
1990,34330,（旧）広島県 大柿町,9122050
1991,34330,（旧）広島県 大柿町,10696679
1992,34330,（旧）広島県 大柿町,11106709
1993,34330,（旧）広島県 大柿町,11527590
1994,34330,（旧）広島県 大柿町,12009231
1995,34330,（旧）広島県 大柿町,12060491
1996,34330,（旧）広島県 大柿町,12270973
1997,34330,（旧）広島県 大柿町,12310299
1998,34330,（旧）広島県 大柿町,12074284
1999,34330,（旧）広島県 大柿町,11726584
2000,34330,（旧）広島県 大柿町,11139368
2001,34330,（旧）広島県 大柿町,10674931
2002,34330,（旧）広島県 大柿町,10374301
2003,34330,（旧）広島県 大柿町,10031539
2004,34330,（旧）広島県 大柿町,9549806
1985,34422,（旧）広島県 安芸津町,10837515
1986,34422,（旧）広島県 安芸津町,11026352
1987,34422,（旧）広島県 安芸津町,11030644
1988,34422,（旧）広島県 安芸津町,10853185
1989,34422,（旧）広島県 安芸津町,11530812
1990,34422,（旧）広島県 安芸津町,12298875
1991,34422,（旧）広島県 安芸津町,13905002
1992,34422,（旧）広島県 安芸津町,14961236
1993,34422,（旧）広島県 安芸津町,15492043
1994,34422,（旧）広島県 安芸津町,15921229
1995,34422,（旧）広島県 安芸津町,16126517
1996,34422,（旧）広島県 安芸津町,15996342
1997,34422,（旧）広島県 安芸津町,16700480
1998,34422,（旧）広島県 安芸津町,16715682
1999,34422,（旧）広島県 安芸津町,16348413
2000,34422,（旧）広島県 安芸津町,15675454
2001,34422,（旧）広島県 安芸津町,14911440
2002,34422,（旧）広島県 安芸津町,14646281
2003,34422,（旧）広島県 安芸津町,13921384
2004,34422,（旧）広島県 安芸津町,13612250
1985,34425,（旧）広島県 豊浜町,1617625
1986,34425,（旧）広島県 豊浜町,1340936
1987,34425,（旧）広島県 豊浜町,1289854
1988,34425,（旧）広島県 豊浜町,1145556
1989,34425,（旧）広島県 豊浜町,1286076
1990,34425,（旧）広島県 豊浜町,1413655
1991,34425,（旧）広島県 豊浜町,1517912
1992,34425,（旧）広島県 豊浜町,1619748
1993,34425,（旧）広島県 豊浜町,1706153
1994,34425,（旧）広島県 豊浜町,1627539
1995,34425,（旧）広島県 豊浜町,1944384
1996,34425,（旧）広島県 豊浜町,1892690
1997,34425,（旧）広島県 豊浜町,1893606
1998,34425,（旧）広島県 豊浜町,1647056
1999,34425,（旧）広島県 豊浜町,1734031
2000,34425,（旧）広島県 豊浜町,1640193
2001,34425,（旧）広島県 豊浜町,1529458
2002,34425,（旧）広島県 豊浜町,1357770
2003,34425,（旧）広島県 豊浜町,1274942
2004,34425,（旧）広島県 豊浜町,1267395
1985,34427,（旧）広島県 大崎町,3935095
1986,34427,（旧）広島県 大崎町,4001223
1987,34427,（旧）広島県 大崎町,3902007
1988,34427,（旧）広島県 大崎町,3768325
1989,34427,（旧）広島県 大崎町,3878095
1990,34427,（旧）広島県 大崎町,3850714
1991,34427,（旧）広島県 大崎町,4375065
1992,34427,（旧）広島県 大崎町,4650683
1993,34427,（旧）広島県 大崎町,5644245
1994,34427,（旧）広島県 大崎町,5035580
1995,34427,（旧）広島県 大崎町,5169042
1996,34427,（旧）広島県 大崎町,5259350
1997,34427,（旧）広島県 大崎町,5785546
1998,34427,（旧）広島県 大崎町,5802559
1999,34427,（旧）広島県 大崎町,5826322
2000,34427,（旧）広島県 大崎町,5236628
2001,34427,（旧）広島県 大崎町,5058296
2002,34427,（旧）広島県 大崎町,4798594
1985,34428,（旧）広島県 東野町,2900156
1986,34428,（旧）広島県 東野町,2853954
1987,34428,（旧）広島県 東野町,2712557
1988,34428,（旧）広島県 東野町,2650572
1989,34428,（旧）広島県 東野町,2753784
1990,34428,（旧）広島県 東野町,2810077
1991,34428,（旧）広島県 東野町,3015863
1992,34428,（旧）広島県 東野町,3240873
1993,34428,（旧）広島県 東野町,3438009
1994,34428,（旧）広島県 東野町,3548483
1995,34428,（旧）広島県 東野町,3523428
1996,34428,（旧）広島県 東野町,3507167
1997,34428,（旧）広島県 東野町,3551196
1998,34428,（旧）広島県 東野町,3473703
1999,34428,（旧）広島県 東野町,3350823
2000,34428,（旧）広島県 東野町,2881731
2001,34428,（旧）広島県 東野町,2811680
2002,34428,（旧）広島県 東野町,2683967
1985,34430,（旧）広島県 瀬戸田町,8050536
1986,34430,（旧）広島県 瀬戸田町,7534084
1987,34430,（旧）広島県 瀬戸田町,6939415
1988,34430,（旧）広島県 瀬戸田町,6197038
1989,34430,（旧）広島県 瀬戸田町,7046710
1990,34430,（旧）広島県 瀬戸田町,8348460
1991,34430,（旧）広島県 瀬戸田町,9673565
1992,34430,（旧）広島県 瀬戸田町,11098054
1993,34430,（旧）広島県 瀬戸田町,11002986
1994,34430,（旧）広島県 瀬戸田町,10712890
1995,34430,（旧）広島県 瀬戸田町,14395466
1996,34430,（旧）広島県 瀬戸田町,11737310
1997,34430,（旧）広島県 瀬戸田町,11871045
1998,34430,（旧）広島県 瀬戸田町,11476581
1999,34430,（旧）広島県 瀬戸田町,12170931
2000,34430,（旧）広島県 瀬戸田町,11193585
2001,34430,（旧）広島県 瀬戸田町,10834178
2002,34430,（旧）広島県 瀬戸田町,9655728
2003,34430,（旧）広島県 瀬戸田町,9141680
2004,34430,（旧）広島県 瀬戸田町,8707705
2005,34430,（旧）広島県 瀬戸田町,9097508
2003,34431,広島県 大崎上島町,9628476
2004,34431,広島県 大崎上島町,8948813
2005,34431,広島県 大崎上島町,8940969
2006,34431,広島県 大崎上島町,9585083
2007,34431,広島県 大崎上島町,9364603
2008,34431,広島県 大崎上島町,9132505
2009,34431,広島県 大崎上島町,8920234
2010,34431,広島県 大崎上島町,8263868
2011,34431,広島県 大崎上島町,8010927
2012,34431,広島県 大崎上島町,7683280
2013,34431,広島県 大崎上島町,7225790
2014,34431,広島県 大崎上島町,7251777
2015,34431,広島県 大崎上島町,7104199
2016,34431,広島県 大崎上島町,7337884
2017,34431,広島県 大崎上島町,7236856
2018,34431,広島県 大崎上島町,7202173
2019,34431,広島県 大崎上島町,7093071
2020,34431,広島県 大崎上島町,7223084
2021,34431,広島県 大崎上島町,7478835
2022,34431,広島県 大崎上島町,7488016
1985,35201,山口県 下関市,236644882
1986,35201,山口県 下関市,242196831
1987,35201,山口県 下関市,246751124
1988,35201,山口県 下関市,251127459
1989,35201,山口県 下関市,261712096
1990,35201,山口県 下関市,272498830
1991,35201,山口県 下関市,300935790
1992,35201,山口県 下関市,323479089
1993,35201,山口県 下関市,329172331
1994,35201,山口県 下関市,339232179
1995,35201,山口県 下関市,341720917
1996,35201,山口県 下関市,342952203
1997,35201,山口県 下関市,351087584
1998,35201,山口県 下関市,348382408
1999,35201,山口県 下関市,340227451
2000,35201,山口県 下関市,328934727
2001,35201,山口県 下関市,321549231
2002,35201,山口県 下関市,313934420
2003,35201,山口県 下関市,302908549
2004,35201,山口県 下関市,297600658
2005,35201,山口県 下関市,343270679
2006,35201,山口県 下関市,362700539
2007,35201,山口県 下関市,357386878
2008,35201,山口県 下関市,355090833
2009,35201,山口県 下関市,349144075
2010,35201,山口県 下関市,327965027
2011,35201,山口県 下関市,324102541
2012,35201,山口県 下関市,328433359
2013,35201,山口県 下関市,319608535
2014,35201,山口県 下関市,318777968
2015,35201,山口県 下関市,319312514
2016,35201,山口県 下関市,324848032
2017,35201,山口県 下関市,323151208
2018,35201,山口県 下関市,328832567
2019,35201,山口県 下関市,331100170
2020,35201,山口県 下関市,331790983
2021,35201,山口県 下関市,334736469
2022,35201,山口県 下関市,336845573
1985,35204,山口県 萩市,39573374
1986,35204,山口県 萩市,40704998
1987,35204,山口県 萩市,43039797
1988,35204,山口県 萩市,42916541
1989,35204,山口県 萩市,43570866
1990,35204,山口県 萩市,45292639
1991,35204,山口県 萩市,49420581
1992,35204,山口県 萩市,52956779
1993,35204,山口県 萩市,52595437
1994,35204,山口県 萩市,53379041
1995,35204,山口県 萩市,55239142
1996,35204,山口県 萩市,55708582
1997,35204,山口県 萩市,57044110
1998,35204,山口県 萩市,56961168
1999,35204,山口県 萩市,56092107
2000,35204,山口県 萩市,54282564
2001,35204,山口県 萩市,52573143
2002,35204,山口県 萩市,50863955
2003,35204,山口県 萩市,49486226
2004,35204,山口県 萩市,47609641
2005,35204,山口県 萩市,60092487
2006,35204,山口県 萩市,61418927
2007,35204,山口県 萩市,59644248
2008,35204,山口県 萩市,59475465
2009,35204,山口県 萩市,56988403
2010,35204,山口県 萩市,53592119
2011,35204,山口県 萩市,52718053
2012,35204,山口県 萩市,52054982
2013,35204,山口県 萩市,50916007
2014,35204,山口県 萩市,50176067
2015,35204,山口県 萩市,50301099
2016,35204,山口県 萩市,51046542
2017,35204,山口県 萩市,50732587
2018,35204,山口県 萩市,50289837
2019,35204,山口県 萩市,49923438
2020,35204,山口県 萩市,49821985
2021,35204,山口県 萩市,51052739
2022,35204,山口県 萩市,50586384
1985,35205,（旧）山口県 徳山市,105822364
1986,35205,（旧）山口県 徳山市,109681763
1987,35205,（旧）山口県 徳山市,112841810
1988,35205,（旧）山口県 徳山市,116391256
1989,35205,（旧）山口県 徳山市,121724407
1990,35205,（旧）山口県 徳山市,129357494
1991,35205,（旧）山口県 徳山市,141166563
1992,35205,（旧）山口県 徳山市,154173126
1993,35205,（旧）山口県 徳山市,155209979
1994,35205,（旧）山口県 徳山市,158903850
1995,35205,（旧）山口県 徳山市,160598666
1996,35205,（旧）山口県 徳山市,159093950
1997,35205,（旧）山口県 徳山市,162298632
1998,35205,（旧）山口県 徳山市,161344373
1999,35205,（旧）山口県 徳山市,156466825
2000,35205,（旧）山口県 徳山市,151222002
2001,35205,（旧）山口県 徳山市,147408830
2002,35205,（旧）山口県 徳山市,143524149
1985,35206,山口県 防府市,102974915
1986,35206,山口県 防府市,106542034
1987,35206,山口県 防府市,110312933
1988,35206,山口県 防府市,114106356
1989,35206,山口県 防府市,119796095
1990,35206,山口県 防府市,125934436
1991,35206,山口県 防府市,138954322
1992,35206,山口県 防府市,151064437
1993,35206,山口県 防府市,156714623
1994,35206,山口県 防府市,157651388
1995,35206,山口県 防府市,161330981
1996,35206,山口県 防府市,160771560
1997,35206,山口県 防府市,163413177
1998,35206,山口県 防府市,165535036
1999,35206,山口県 防府市,162424178
2000,35206,山口県 防府市,158958528
2001,35206,山口県 防府市,156742688
2002,35206,山口県 防府市,153831903
2003,35206,山口県 防府市,149931086
2004,35206,山口県 防府市,147879174
2005,35206,山口県 防府市,150660362
2006,35206,山口県 防府市,157314898
2007,35206,山口県 防府市,155897782
2008,35206,山口県 防府市,156579470
2009,35206,山口県 防府市,155177405
2010,35206,山口県 防府市,141520682
2011,35206,山口県 防府市,143948984
2012,35206,山口県 防府市,143214953
2013,35206,山口県 防府市,141343052
2014,35206,山口県 防府市,144864525
2015,35206,山口県 防府市,147841332
2016,35206,山口県 防府市,150233545
2017,35206,山口県 防府市,153108237
2018,35206,山口県 防府市,154735570
2019,35206,山口県 防府市,158826320
2020,35206,山口県 防府市,161254648
2021,35206,山口県 防府市,162522682
2022,35206,山口県 防府市,163739353
1985,35207,山口県 下松市,49492106
1986,35207,山口県 下松市,51690552
1987,35207,山口県 下松市,51490876
1988,35207,山口県 下松市,51445684
1989,35207,山口県 下松市,53958224
1990,35207,山口県 下松市,59353220
1991,35207,山口県 下松市,64936889
1992,35207,山口県 下松市,71719478
1993,35207,山口県 下松市,73742251
1994,35207,山口県 下松市,75608647
1995,35207,山口県 下松市,76586214
1996,35207,山口県 下松市,77306265
1997,35207,山口県 下松市,79335728
1998,35207,山口県 下松市,81071593
1999,35207,山口県 下松市,79188498
2000,35207,山口県 下松市,76481912
2001,35207,山口県 下松市,75910128
2002,35207,山口県 下松市,74951067
2003,35207,山口県 下松市,71899387
2004,35207,山口県 下松市,70899862
2005,35207,山口県 下松市,72880312
2006,35207,山口県 下松市,76413935
2007,35207,山口県 下松市,77137280
2008,35207,山口県 下松市,78412357
2009,35207,山口県 下松市,77712876
2010,35207,山口県 下松市,73107819
2011,35207,山口県 下松市,73343428
2012,35207,山口県 下松市,74097738
2013,35207,山口県 下松市,73906736
2014,35207,山口県 下松市,73816902
2015,35207,山口県 下松市,74953285
2016,35207,山口県 下松市,76807171
2017,35207,山口県 下松市,78852520
2018,35207,山口県 下松市,81144934
2019,35207,山口県 下松市,83187943
2020,35207,山口県 下松市,84920899
2021,35207,山口県 下松市,89044166
2022,35207,山口県 下松市,91580388
1985,35208,山口県 岩国市,100774121
1986,35208,山口県 岩国市,106253046
1987,35208,山口県 岩国市,110464096
1988,35208,山口県 岩国市,114045046
1989,35208,山口県 岩国市,118755820
1990,35208,山口県 岩国市,126568222
1991,35208,山口県 岩国市,139630352
1992,35208,山口県 岩国市,149250885
1993,35208,山口県 岩国市,153057947
1994,35208,山口県 岩国市,156606623
1995,35208,山口県 岩国市,160407261
1996,35208,山口県 岩国市,160936942
1997,35208,山口県 岩国市,162314790
1998,35208,山口県 岩国市,162045229
1999,35208,山口県 岩国市,161798185
2000,35208,山口県 岩国市,155365076
2001,35208,山口県 岩国市,150647312
2002,35208,山口県 岩国市,144673529
2003,35208,山口県 岩国市,140872824
2004,35208,山口県 岩国市,136639852
2005,35208,山口県 岩国市,137324425
2006,35208,山口県 岩国市,194760523
2007,35208,山口県 岩国市,194282823
2008,35208,山口県 岩国市,192614266
2009,35208,山口県 岩国市,187726998
2010,35208,山口県 岩国市,175764999
2011,35208,山口県 岩国市,172359315
2012,35208,山口県 岩国市,171831731
2013,35208,山口県 岩国市,169918406
2014,35208,山口県 岩国市,168841814
2015,35208,山口県 岩国市,170953893
2016,35208,山口県 岩国市,171551961
2017,35208,山口県 岩国市,173271099
2018,35208,山口県 岩国市,175068134
2019,35208,山口県 岩国市,176119209
2020,35208,山口県 岩国市,175941027
2021,35208,山口県 岩国市,181226055
2022,35208,山口県 岩国市,182122219
1985,35210,山口県 光市,46605191
1986,35210,山口県 光市,48063335
1987,35210,山口県 光市,48894865
1988,35210,山口県 光市,49854240
1989,35210,山口県 光市,52047559
1990,35210,山口県 光市,55729254
1991,35210,山口県 光市,59745652
1992,35210,山口県 光市,66203745
1993,35210,山口県 光市,66817921
1994,35210,山口県 光市,68376906
1995,35210,山口県 光市,68349863
1996,35210,山口県 光市,68980724
1997,35210,山口県 光市,70562808
1998,35210,山口県 光市,71645933
1999,35210,山口県 光市,70448455
2000,35210,山口県 光市,68310209
2001,35210,山口県 光市,66805127
2002,35210,山口県 光市,65026928
2003,35210,山口県 光市,62408052
2004,35210,山口県 光市,61380399
2005,35210,山口県 光市,72821752
2006,35210,山口県 光市,76321230
2007,35210,山口県 光市,75671822
2008,35210,山口県 光市,76246735
2009,35210,山口県 光市,74391376
2010,35210,山口県 光市,69020673
2011,35210,山口県 光市,68447408
2012,35210,山口県 光市,68287364
2013,35210,山口県 光市,67200240
2014,35210,山口県 光市,66849916
2015,35210,山口県 光市,66809907
2016,35210,山口県 光市,68542992
2017,35210,山口県 光市,71933301
2018,35210,山口県 光市,69019892
2019,35210,山口県 光市,69451716
2020,35210,山口県 光市,69771027
2021,35210,山口県 光市,71777389
2022,35210,山口県 光市,72666199
1985,35211,山口県 長門市,22322785
1986,35211,山口県 長門市,22357218
1987,35211,山口県 長門市,23426237
1988,35211,山口県 長門市,23846057
1989,35211,山口県 長門市,24455407
1990,35211,山口県 長門市,24919713
1991,35211,山口県 長門市,26792613
1992,35211,山口県 長門市,28741307
1993,35211,山口県 長門市,29341210
1994,35211,山口県 長門市,30108081
1995,35211,山口県 長門市,31100721
1996,35211,山口県 長門市,30856214
1997,35211,山口県 長門市,31625433
1998,35211,山口県 長門市,31604621
1999,35211,山口県 長門市,30410522
2000,35211,山口県 長門市,29564233
2001,35211,山口県 長門市,28812528
2002,35211,山口県 長門市,27587125
2003,35211,山口県 長門市,26583895
2004,35211,山口県 長門市,25895026
2005,35211,山口県 長門市,43175632
2006,35211,山口県 長門市,44195507
2007,35211,山口県 長門市,43072813
2008,35211,山口県 長門市,42076128
2009,35211,山口県 長門市,40355238
2010,35211,山口県 長門市,37950936
2011,35211,山口県 長門市,37651556
2012,35211,山口県 長門市,37189531
2013,35211,山口県 長門市,36700431
2014,35211,山口県 長門市,36457676
2015,35211,山口県 長門市,36104764
2016,35211,山口県 長門市,36997270
2017,35211,山口県 長門市,37367033
2018,35211,山口県 長門市,47052614
2019,35211,山口県 長門市,38234518
2020,35211,山口県 長門市,36996552
2021,35211,山口県 長門市,38083045
2022,35211,山口県 長門市,37806753
1985,35212,山口県 柳井市,30207533
1986,35212,山口県 柳井市,31259788
1987,35212,山口県 柳井市,32211757
1988,35212,山口県 柳井市,32459590
1989,35212,山口県 柳井市,33993732
1990,35212,山口県 柳井市,35510483
1991,35212,山口県 柳井市,39047898
1992,35212,山口県 柳井市,41957577
1993,35212,山口県 柳井市,42341606
1994,35212,山口県 柳井市,44070445
1995,35212,山口県 柳井市,45080042
1996,35212,山口県 柳井市,45345648
1997,35212,山口県 柳井市,45747916
1998,35212,山口県 柳井市,45507900
1999,35212,山口県 柳井市,44622493
2000,35212,山口県 柳井市,43431651
2001,35212,山口県 柳井市,42705292
2002,35212,山口県 柳井市,41630528
2003,35212,山口県 柳井市,39470991
2004,35212,山口県 柳井市,38408456
2005,35212,山口県 柳井市,42246741
2006,35212,山口県 柳井市,44258445
2007,35212,山口県 柳井市,43664104
2008,35212,山口県 柳井市,43685957
2009,35212,山口県 柳井市,41675756
2010,35212,山口県 柳井市,39261310
2011,35212,山口県 柳井市,39107768
2012,35212,山口県 柳井市,38632697
2013,35212,山口県 柳井市,37929973
2014,35212,山口県 柳井市,37756589
2015,35212,山口県 柳井市,37300994
2016,35212,山口県 柳井市,37464346
2017,35212,山口県 柳井市,37607425
2018,35212,山口県 柳井市,38015752
2019,35212,山口県 柳井市,38464902
2020,35212,山口県 柳井市,38391675
2021,35212,山口県 柳井市,39042164
2022,35212,山口県 柳井市,41134585
2003,35215,山口県 周南市,200172039
2004,35215,山口県 周南市,197226598
2005,35215,山口県 周南市,200570976
2006,35215,山口県 周南市,210990201
2007,35215,山口県 周南市,210237061
2008,35215,山口県 周南市,212008094
2009,35215,山口県 周南市,210031821
2010,35215,山口県 周南市,196833345
2011,35215,山口県 周南市,194929708
2012,35215,山口県 周南市,196356382
2013,35215,山口県 周南市,195448878
2014,35215,山口県 周南市,193427833
2015,35215,山口県 周南市,194982586
2016,35215,山口県 周南市,197015952
2017,35215,山口県 周南市,199576163
2018,35215,山口県 周南市,202876004
2019,35215,山口県 周南市,207424183
2020,35215,山口県 周南市,208060209
2021,35215,山口県 周南市,217379544
2022,35215,山口県 周南市,217327553
1985,35301,（旧）山口県 久賀町,3761814
1986,35301,（旧）山口県 久賀町,3736464
1987,35301,（旧）山口県 久賀町,3728348
1988,35301,（旧）山口県 久賀町,3510191
1989,35301,（旧）山口県 久賀町,3817076
1990,35301,（旧）山口県 久賀町,3783933
1991,35301,（旧）山口県 久賀町,4255641
1992,35301,（旧）山口県 久賀町,4447246
1993,35301,（旧）山口県 久賀町,4369699
1994,35301,（旧）山口県 久賀町,4360748
1995,35301,（旧）山口県 久賀町,4612334
1996,35301,（旧）山口県 久賀町,4515941
1997,35301,（旧）山口県 久賀町,4621505
1998,35301,（旧）山口県 久賀町,4543499
1999,35301,（旧）山口県 久賀町,4544022
2000,35301,（旧）山口県 久賀町,4370661
2001,35301,（旧）山口県 久賀町,4378339
2002,35301,（旧）山口県 久賀町,4075322
2003,35301,（旧）山口県 久賀町,3884176
2004,35301,（旧）山口県 久賀町,3875596
1985,35302,（旧）山口県 大島町,6011100
1986,35302,（旧）山口県 大島町,6234911
1987,35302,（旧）山口県 大島町,6247843
1988,35302,（旧）山口県 大島町,6097689
1989,35302,（旧）山口県 大島町,6250055
1990,35302,（旧）山口県 大島町,6404449
1991,35302,（旧）山口県 大島町,7069543
1992,35302,（旧）山口県 大島町,6965729
1993,35302,（旧）山口県 大島町,7403297
1994,35302,（旧）山口県 大島町,7567674
1995,35302,（旧）山口県 大島町,7919879
1996,35302,（旧）山口県 大島町,7849042
1997,35302,（旧）山口県 大島町,7795248
1998,35302,（旧）山口県 大島町,7494590
1999,35302,（旧）山口県 大島町,7574371
2000,35302,（旧）山口県 大島町,7332379
2001,35302,（旧）山口県 大島町,7074095
2002,35302,（旧）山口県 大島町,6652577
2003,35302,（旧）山口県 大島町,6572496
2004,35302,（旧）山口県 大島町,6299725
1985,35303,（旧）山口県 東和町,3394636
1986,35303,（旧）山口県 東和町,3356657
1987,35303,（旧）山口県 東和町,3521900
1988,35303,（旧）山口県 東和町,3048938
1989,35303,（旧）山口県 東和町,3658464
1990,35303,（旧）山口県 東和町,3545922
1991,35303,（旧）山口県 東和町,3757048
1992,35303,（旧）山口県 東和町,3880672
1993,35303,（旧）山口県 東和町,4182826
1994,35303,（旧）山口県 東和町,4021889
1995,35303,（旧）山口県 東和町,4433893
1996,35303,（旧）山口県 東和町,4514596
1997,35303,（旧）山口県 東和町,4376443
1998,35303,（旧）山口県 東和町,4316217
1999,35303,（旧）山口県 東和町,4246249
2000,35303,（旧）山口県 東和町,4079264
2001,35303,（旧）山口県 東和町,3961096
2002,35303,（旧）山口県 東和町,3846753
2003,35303,（旧）山口県 東和町,3677298
2004,35303,（旧）山口県 東和町,3467626
2005,35305,山口県 周防大島町,17974465
2006,35305,山口県 周防大島町,18976097
2007,35305,山口県 周防大島町,18181278
2008,35305,山口県 周防大島町,17401731
2009,35305,山口県 周防大島町,16755102
2010,35305,山口県 周防大島町,15434609
2011,35305,山口県 周防大島町,15121424
2012,35305,山口県 周防大島町,14797757
2013,35305,山口県 周防大島町,14453733
2014,35305,山口県 周防大島町,14066018
2015,35305,山口県 周防大島町,13750206
2016,35305,山口県 周防大島町,13766281
2017,35305,山口県 周防大島町,13789005
2018,35305,山口県 周防大島町,13652382
2019,35305,山口県 周防大島町,13247797
2020,35305,山口県 周防大島町,13157281
2021,35305,山口県 周防大島町,13370980
2022,35305,山口県 周防大島町,59035989
1985,35341,山口県 上関町,3256509
1986,35341,山口県 上関町,3258062
1987,35341,山口県 上関町,3352293
1988,35341,山口県 上関町,3382191
1989,35341,山口県 上関町,3439195
1990,35341,山口県 上関町,3598539
1991,35341,山口県 上関町,4096386
1992,35341,山口県 上関町,4140522
1993,35341,山口県 上関町,4609222
1994,35341,山口県 上関町,4625404
1995,35341,山口県 上関町,4842320
1996,35341,山口県 上関町,4807172
1997,35341,山口県 上関町,4540822
1998,35341,山口県 上関町,4403377
1999,35341,山口県 上関町,4256894
2000,35341,山口県 上関町,4047469
2001,35341,山口県 上関町,3914224
2002,35341,山口県 上関町,3592348
2003,35341,山口県 上関町,3341125
2004,35341,山口県 上関町,3113589
2005,35341,山口県 上関町,3109783
2006,35341,山口県 上関町,3094733
2007,35341,山口県 上関町,3051064
2008,35341,山口県 上関町,3070506
2009,35341,山口県 上関町,2957958
2010,35341,山口県 上関町,3799956
2011,35341,山口県 上関町,2785393
2012,35341,山口県 上関町,2781045
2013,35341,山口県 上関町,2678802
2014,35341,山口県 上関町,2493600
2015,35341,山口県 上関町,2418207
2016,35341,山口県 上関町,2370219
2017,35341,山口県 上関町,2307217
2018,35341,山口県 上関町,2277600
2019,35341,山口県 上関町,2183557
2020,35341,山口県 上関町,2175957
2021,35341,山口県 上関町,2273632
2022,35341,山口県 上関町,2269753
1985,35343,山口県 田布施町,13732405
1986,35343,山口県 田布施町,14162387
1987,35343,山口県 田布施町,14484273
1988,35343,山口県 田布施町,14443407
1989,35343,山口県 田布施町,15212725
1990,35343,山口県 田布施町,17264803
1991,35343,山口県 田布施町,18135203
1992,35343,山口県 田布施町,19500048
1993,35343,山口県 田布施町,20264056
1994,35343,山口県 田布施町,21164816
1995,35343,山口県 田布施町,21115916
1996,35343,山口県 田布施町,21498593
1997,35343,山口県 田布施町,22292497
1998,35343,山口県 田布施町,22595242
1999,35343,山口県 田布施町,21882812
2000,35343,山口県 田布施町,21163806
2001,35343,山口県 田布施町,20703097
2002,35343,山口県 田布施町,20137554
2003,35343,山口県 田布施町,19451444
2004,35343,山口県 田布施町,19277852
2005,35343,山口県 田布施町,19687705
2006,35343,山口県 田布施町,20794112
2007,35343,山口県 田布施町,20678521
2008,35343,山口県 田布施町,20758385
2009,35343,山口県 田布施町,20105061
2010,35343,山口県 田布施町,18427114
2011,35343,山口県 田布施町,18146618
2012,35343,山口県 田布施町,18439394
2013,35343,山口県 田布施町,18187663
2014,35343,山口県 田布施町,18037190
2015,35343,山口県 田布施町,18025686
2016,35343,山口県 田布施町,18133787
2017,35343,山口県 田布施町,18217099
2018,35343,山口県 田布施町,18438399
2019,35343,山口県 田布施町,18453022
2020,35343,山口県 田布施町,18471920
2021,35343,山口県 田布施町,19025536
2022,35343,山口県 田布施町,19742713
1985,35344,山口県 平生町,10722614
1986,35344,山口県 平生町,11091219
1987,35344,山口県 平生町,11447919
1988,35344,山口県 平生町,11521980
1989,35344,山口県 平生町,12329173
1990,35344,山口県 平生町,12756755
1991,35344,山口県 平生町,14451065
1992,35344,山口県 平生町,15650165
1993,35344,山口県 平生町,16192841
1994,35344,山口県 平生町,16917094
1995,35344,山口県 平生町,17431113
1996,35344,山口県 平生町,17970668
1997,35344,山口県 平生町,18349008
1998,35344,山口県 平生町,18372274
1999,35344,山口県 平生町,17720623
2000,35344,山口県 平生町,17486579
2001,35344,山口県 平生町,17133316
2002,35344,山口県 平生町,16606778
2003,35344,山口県 平生町,15873555
2004,35344,山口県 平生町,15437956
2005,35344,山口県 平生町,15669206
2006,35344,山口県 平生町,16309109
2007,35344,山口県 平生町,15939247
2008,35344,山口県 平生町,15821363
2009,35344,山口県 平生町,15657075
2010,35344,山口県 平生町,14087580
2011,35344,山口県 平生町,14121526
2012,35344,山口県 平生町,14056136
2013,35344,山口県 平生町,13944391
2014,35344,山口県 平生町,13588166
2015,35344,山口県 平生町,13317993
2016,35344,山口県 平生町,13389313
2017,35344,山口県 平生町,13319145
2018,35344,山口県 平生町,13312721
2019,35344,山口県 平生町,13332497
2020,35344,山口県 平生町,13499766
2021,35344,山口県 平生町,13972605
2022,35344,山口県 平生町,13834762
1985,35444,（旧）山口県 豊北町,11547144
1986,35444,（旧）山口県 豊北町,11718099
1987,35444,（旧）山口県 豊北町,12427580
1988,35444,（旧）山口県 豊北町,12017012
1989,35444,（旧）山口県 豊北町,12369523
1990,35444,（旧）山口県 豊北町,12659854
1991,35444,（旧）山口県 豊北町,13585282
1992,35444,（旧）山口県 豊北町,14074409
1993,35444,（旧）山口県 豊北町,14822960
1994,35444,（旧）山口県 豊北町,15191552
1995,35444,（旧）山口県 豊北町,15371460
1996,35444,（旧）山口県 豊北町,14881959
1997,35444,（旧）山口県 豊北町,15010039
1998,35444,（旧）山口県 豊北町,14684704
1999,35444,（旧）山口県 豊北町,14334359
2000,35444,（旧）山口県 豊北町,13594869
2001,35444,（旧）山口県 豊北町,13101771
2002,35444,（旧）山口県 豊北町,12795648
2003,35444,（旧）山口県 豊北町,11972776
2004,35444,（旧）山口県 豊北町,11343096
1985,36202,徳島県 鳴門市,51095079
1986,36202,徳島県 鳴門市,53586481
1987,36202,徳島県 鳴門市,57668722
1988,36202,徳島県 鳴門市,59292734
1989,36202,徳島県 鳴門市,62909046
1990,36202,徳島県 鳴門市,66550584
1991,36202,徳島県 鳴門市,78390187
1992,36202,徳島県 鳴門市,83187470
1993,36202,徳島県 鳴門市,80465521
1994,36202,徳島県 鳴門市,82528495
1995,36202,徳島県 鳴門市,85124533
1996,36202,徳島県 鳴門市,85269298
1997,36202,徳島県 鳴門市,88687567
1998,36202,徳島県 鳴門市,90027580
1999,36202,徳島県 鳴門市,89640203
2000,36202,徳島県 鳴門市,87766270
2001,36202,徳島県 鳴門市,90934377
2002,36202,徳島県 鳴門市,82879534
2003,36202,徳島県 鳴門市,80241615
2004,36202,徳島県 鳴門市,86081464
2005,36202,徳島県 鳴門市,77457133
2006,36202,徳島県 鳴門市,78984373
2007,36202,徳島県 鳴門市,79255311
2008,36202,徳島県 鳴門市,77381820
2009,36202,徳島県 鳴門市,75451555
2010,36202,徳島県 鳴門市,70948354
2011,36202,徳島県 鳴門市,73117688
2012,36202,徳島県 鳴門市,71816730
2013,36202,徳島県 鳴門市,71943108
2014,36202,徳島県 鳴門市,72385933
2015,36202,徳島県 鳴門市,69554453
2016,36202,徳島県 鳴門市,70622814
2017,36202,徳島県 鳴門市,70430912
2018,36202,徳島県 鳴門市,70685087
2019,36202,徳島県 鳴門市,72718068
2020,36202,徳島県 鳴門市,69213456
2021,36202,徳島県 鳴門市,71467608
2022,36202,徳島県 鳴門市,72240057
1985,36204,徳島県 阿南市,41109765
1986,36204,徳島県 阿南市,42772412
1987,36204,徳島県 阿南市,43428991
1988,36204,徳島県 阿南市,43979778
1989,36204,徳島県 阿南市,46090802
1990,36204,徳島県 阿南市,47675704
1991,36204,徳島県 阿南市,51479572
1992,36204,徳島県 阿南市,56270159
1993,36204,徳島県 阿南市,57535745
1994,36204,徳島県 阿南市,61029364
1995,36204,徳島県 阿南市,67240246
1996,36204,徳島県 阿南市,66066732
1997,36204,徳島県 阿南市,69294740
1998,36204,徳島県 阿南市,69822037
1999,36204,徳島県 阿南市,69874864
2000,36204,徳島県 阿南市,69865182
2001,36204,徳島県 阿南市,67932701
2002,36204,徳島県 阿南市,67084884
2003,36204,徳島県 阿南市,63458239
2004,36204,徳島県 阿南市,64146192
2005,36204,徳島県 阿南市,65125552
2006,36204,徳島県 阿南市,93296201
2007,36204,徳島県 阿南市,92822281
2008,36204,徳島県 阿南市,92164707
2009,36204,徳島県 阿南市,89648075
2010,36204,徳島県 阿南市,81739254
2011,36204,徳島県 阿南市,82556883
2012,36204,徳島県 阿南市,83804666
2013,36204,徳島県 阿南市,84070424
2014,36204,徳島県 阿南市,84085999
2015,36204,徳島県 阿南市,86796775
2016,36204,徳島県 阿南市,88948130
2017,36204,徳島県 阿南市,89874399
2018,36204,徳島県 阿南市,91111408
2019,36204,徳島県 阿南市,92287744
2020,36204,徳島県 阿南市,92518070
2021,36204,徳島県 阿南市,94634825
2022,36204,徳島県 阿南市,96327696
1985,36362,（旧）徳島県 羽ノ浦町,8144552
1986,36362,（旧）徳島県 羽ノ浦町,8400698
1987,36362,（旧）徳島県 羽ノ浦町,8918481
1988,36362,（旧）徳島県 羽ノ浦町,9286738
1989,36362,（旧）徳島県 羽ノ浦町,9891308
1990,36362,（旧）徳島県 羽ノ浦町,10400366
1991,36362,（旧）徳島県 羽ノ浦町,12259322
1992,36362,（旧）徳島県 羽ノ浦町,12597023
1993,36362,（旧）徳島県 羽ノ浦町,13208437
1994,36362,（旧）徳島県 羽ノ浦町,13598996
1995,36362,（旧）徳島県 羽ノ浦町,14417800
1996,36362,（旧）徳島県 羽ノ浦町,14320074
1997,36362,（旧）徳島県 羽ノ浦町,14838586
1998,36362,（旧）徳島県 羽ノ浦町,14896794
1999,36362,（旧）徳島県 羽ノ浦町,14776152
2000,36362,（旧）徳島県 羽ノ浦町,14647049
2001,36362,（旧）徳島県 羽ノ浦町,14360731
2002,36362,（旧）徳島県 羽ノ浦町,14217155
2003,36362,（旧）徳島県 羽ノ浦町,13640197
2004,36362,（旧）徳島県 羽ノ浦町,13801715
2005,36362,（旧）徳島県 羽ノ浦町,14038380
1985,36383,徳島県 牟岐町,4326246
1986,36383,徳島県 牟岐町,4214535
1987,36383,徳島県 牟岐町,4580533
1988,36383,徳島県 牟岐町,4677874
1989,36383,徳島県 牟岐町,4759623
1990,36383,徳島県 牟岐町,4917274
1991,36383,徳島県 牟岐町,5180498
1992,36383,徳島県 牟岐町,5795740
1993,36383,徳島県 牟岐町,6015096
1994,36383,徳島県 牟岐町,6498238
1995,36383,徳島県 牟岐町,6413520
1996,36383,徳島県 牟岐町,6298133
1997,36383,徳島県 牟岐町,6302930
1998,36383,徳島県 牟岐町,6522434
1999,36383,徳島県 牟岐町,6313280
2000,36383,徳島県 牟岐町,5984738
2001,36383,徳島県 牟岐町,5774330
2002,36383,徳島県 牟岐町,5648791
2003,36383,徳島県 牟岐町,5166236
2004,36383,徳島県 牟岐町,4892362
2005,36383,徳島県 牟岐町,4936618
2006,36383,徳島県 牟岐町,5106950
2007,36383,徳島県 牟岐町,4813571
2008,36383,徳島県 牟岐町,4676369
2009,36383,徳島県 牟岐町,4323774
2010,36383,徳島県 牟岐町,4120074
2011,36383,徳島県 牟岐町,3962725
2012,36383,徳島県 牟岐町,3787865
2013,36383,徳島県 牟岐町,3854159
2014,36383,徳島県 牟岐町,3742806
2015,36383,徳島県 牟岐町,3723338
2016,36383,徳島県 牟岐町,3654692
2017,36383,徳島県 牟岐町,3570307
2018,36383,徳島県 牟岐町,3527427
2019,36383,徳島県 牟岐町,3534618
2020,36383,徳島県 牟岐町,3448409
2021,36383,徳島県 牟岐町,3778150
2022,36383,徳島県 牟岐町,3674989
1985,36386,（旧）徳島県 宍喰町,1955432
1986,36386,（旧）徳島県 宍喰町,2126370
1987,36386,（旧）徳島県 宍喰町,2298839
1988,36386,（旧）徳島県 宍喰町,2225134
1989,36386,（旧）徳島県 宍喰町,2475856
1990,36386,（旧）徳島県 宍喰町,2673921
1991,36386,（旧）徳島県 宍喰町,2873438
1992,36386,（旧）徳島県 宍喰町,3068175
1993,36386,（旧）徳島県 宍喰町,3092468
1994,36386,（旧）徳島県 宍喰町,3324503
1995,36386,（旧）徳島県 宍喰町,3513181
1996,36386,（旧）徳島県 宍喰町,3583246
1997,36386,（旧）徳島県 宍喰町,3764542
1998,36386,（旧）徳島県 宍喰町,3589914
1999,36386,（旧）徳島県 宍喰町,3403108
2000,36386,（旧）徳島県 宍喰町,3342064
2001,36386,（旧）徳島県 宍喰町,3186796
2002,36386,（旧）徳島県 宍喰町,2994083
2003,36386,（旧）徳島県 宍喰町,2767849
2004,36386,（旧）徳島県 宍喰町,2676600
2005,36386,（旧）徳島県 宍喰町,2530425
2006,36388,徳島県 海陽町,12030109
2007,36388,徳島県 海陽町,8963759
2008,36388,徳島県 海陽町,8622759
2009,36388,徳島県 海陽町,8171000
2010,36388,徳島県 海陽町,7728177
2011,36388,徳島県 海陽町,7624776
2012,36388,徳島県 海陽町,7586484
2013,36388,徳島県 海陽町,7528397
2014,36388,徳島県 海陽町,7695859
2015,36388,徳島県 海陽町,7413995
2016,36388,徳島県 海陽町,7507012
2017,36388,徳島県 海陽町,7677586
2018,36388,徳島県 海陽町,7768035
2019,36388,徳島県 海陽町,7593088
2020,36388,徳島県 海陽町,7509021
2021,36388,徳島県 海陽町,7933147
2022,36388,徳島県 海陽町,8050974
1985,37201,香川県 高松市,316295886
1986,37201,香川県 高松市,330719804
1987,37201,香川県 高松市,344780901
1988,37201,香川県 高松市,365447490
1989,37201,香川県 高松市,389681017
1990,37201,香川県 高松市,417780991
1991,37201,香川県 高松市,472508945
1992,37201,香川県 高松市,508331114
1993,37201,香川県 高松市,489073226
1994,37201,香川県 高松市,507464973
1995,37201,香川県 高松市,519361243
1996,37201,香川県 高松市,524531619
1997,37201,香川県 高松市,549922724
1998,37201,香川県 高松市,551696535
1999,37201,香川県 高松市,541834346
2000,37201,香川県 高松市,525810034
2001,37201,香川県 高松市,519356526
2002,37201,香川県 高松市,504446015
2003,37201,香川県 高松市,486412100
2004,37201,香川県 高松市,480134486
2005,37201,香川県 高松市,479297102
2006,37201,香川県 高松市,611498976
2007,37201,香川県 高松市,606719042
2008,37201,香川県 高松市,610837685
2009,37201,香川県 高松市,594938966
2010,37201,香川県 高松市,568279213
2011,37201,香川県 高松市,566598003
2012,37201,香川県 高松市,615534756
2013,37201,香川県 高松市,569567335
2014,37201,香川県 高松市,590022994
2015,37201,香川県 高松市,597586796
2016,37201,香川県 高松市,609728143
2017,37201,香川県 高松市,622699014
2018,37201,香川県 高松市,630124338
2019,37201,香川県 高松市,641346247
2020,37201,香川県 高松市,649049043
2021,37201,香川県 高松市,668143475
2022,37201,香川県 高松市,679122550
1985,37202,香川県 丸亀市,66327594
1986,37202,香川県 丸亀市,68378032
1987,37202,香川県 丸亀市,71645548
1988,37202,香川県 丸亀市,75135586
1989,37202,香川県 丸亀市,81668620
1990,37202,香川県 丸亀市,84996120
1991,37202,香川県 丸亀市,93707305
1992,37202,香川県 丸亀市,105072303
1993,37202,香川県 丸亀市,101742684
1994,37202,香川県 丸亀市,106009823
1995,37202,香川県 丸亀市,111072558
1996,37202,香川県 丸亀市,110824396
1997,37202,香川県 丸亀市,113962176
1998,37202,香川県 丸亀市,116523472
1999,37202,香川県 丸亀市,114149991
2000,37202,香川県 丸亀市,110701027
2001,37202,香川県 丸亀市,109355294
2002,37202,香川県 丸亀市,107813421
2003,37202,香川県 丸亀市,103105428
2004,37202,香川県 丸亀市,101657607
2005,37202,香川県 丸亀市,137853358
2006,37202,香川県 丸亀市,142197935
2007,37202,香川県 丸亀市,143192277
2008,37202,香川県 丸亀市,143422137
2009,37202,香川県 丸亀市,142319490
2010,37202,香川県 丸亀市,136925206
2011,37202,香川県 丸亀市,136173612
2012,37202,香川県 丸亀市,136922415
2013,37202,香川県 丸亀市,136245252
2014,37202,香川県 丸亀市,138095015
2015,37202,香川県 丸亀市,138822277
2016,37202,香川県 丸亀市,142829972
2017,37202,香川県 丸亀市,145645939
2018,37202,香川県 丸亀市,148331061
2019,37202,香川県 丸亀市,151227183
2020,37202,香川県 丸亀市,152441920
2021,37202,香川県 丸亀市,158109466
2022,37202,香川県 丸亀市,160422808
1985,37203,香川県 坂出市,57637885
1986,37203,香川県 坂出市,60673632
1987,37203,香川県 坂出市,65612873
1988,37203,香川県 坂出市,62815459
1989,37203,香川県 坂出市,67133269
1990,37203,香川県 坂出市,70876577
1991,37203,香川県 坂出市,78396372
1992,37203,香川県 坂出市,82706082
1993,37203,香川県 坂出市,82178982
1994,37203,香川県 坂出市,83397725
1995,37203,香川県 坂出市,84215013
1996,37203,香川県 坂出市,84086435
1997,37203,香川県 坂出市,86737024
1998,37203,香川県 坂出市,87784806
1999,37203,香川県 坂出市,86061245
2000,37203,香川県 坂出市,82973799
2001,37203,香川県 坂出市,80846632
2002,37203,香川県 坂出市,78074483
2003,37203,香川県 坂出市,74266395
2004,37203,香川県 坂出市,72536506
2005,37203,香川県 坂出市,72007082
2006,37203,香川県 坂出市,75316934
2007,37203,香川県 坂出市,74683793
2008,37203,香川県 坂出市,74530225
2009,37203,香川県 坂出市,73003973
2010,37203,香川県 坂出市,69450574
2011,37203,香川県 坂出市,68393233
2012,37203,香川県 坂出市,68170306
2013,37203,香川県 坂出市,67657167
2014,37203,香川県 坂出市,67097029
2015,37203,香川県 坂出市,67190406
2016,37203,香川県 坂出市,69581410
2017,37203,香川県 坂出市,68290628
2018,37203,香川県 坂出市,69007351
2019,37203,香川県 坂出市,69863658
2020,37203,香川県 坂出市,69753121
2021,37203,香川県 坂出市,72096122
2022,37203,香川県 坂出市,72857588
1985,37205,香川県 観音寺市,35460623
1986,37205,香川県 観音寺市,37755549
1987,37205,香川県 観音寺市,38966857
1988,37205,香川県 観音寺市,39538669
1989,37205,香川県 観音寺市,43180456
1990,37205,香川県 観音寺市,44707972
1991,37205,香川県 観音寺市,49678686
1992,37205,香川県 観音寺市,55635298
1993,37205,香川県 観音寺市,52805291
1994,37205,香川県 観音寺市,55514236
1995,37205,香川県 観音寺市,56739481
1996,37205,香川県 観音寺市,56796173
1997,37205,香川県 観音寺市,59164670
1998,37205,香川県 観音寺市,60221220
1999,37205,香川県 観音寺市,59392774
2000,37205,香川県 観音寺市,56826968
2001,37205,香川県 観音寺市,56879244
2002,37205,香川県 観音寺市,54281906
2003,37205,香川県 観音寺市,52738072
2004,37205,香川県 観音寺市,51236169
2005,37205,香川県 観音寺市,51652057
2006,37205,香川県 観音寺市,80255876
2007,37205,香川県 観音寺市,79372051
2008,37205,香川県 観音寺市,78349831
2009,37205,香川県 観音寺市,75760146
2010,37205,香川県 観音寺市,71528994
2011,37205,香川県 観音寺市,71824421
2012,37205,香川県 観音寺市,71476251
2013,37205,香川県 観音寺市,72683342
2014,37205,香川県 観音寺市,77923695
2015,37205,香川県 観音寺市,71105918
2016,37205,香川県 観音寺市,73347411
2017,37205,香川県 観音寺市,75225836
2018,37205,香川県 観音寺市,75465087
2019,37205,香川県 観音寺市,76337992
2020,37205,香川県 観音寺市,77558489
2021,37205,香川県 観音寺市,79490597
2022,37205,香川県 観音寺市,79349752
2006,37208,香川県 三豊市,84485783
2007,37208,香川県 三豊市,83865365
2008,37208,香川県 三豊市,82139957
2009,37208,香川県 三豊市,79809419
2010,37208,香川県 三豊市,74865981
2011,37208,香川県 三豊市,76601126
2012,37208,香川県 三豊市,74803126
2013,37208,香川県 三豊市,74272132
2014,37208,香川県 三豊市,74497561
2015,37208,香川県 三豊市,75034684
2016,37208,香川県 三豊市,76512401
2017,37208,香川県 三豊市,77891477
2018,37208,香川県 三豊市,77497110
2019,37208,香川県 三豊市,78062939
2020,37208,香川県 三豊市,77986559
2021,37208,香川県 三豊市,81282039
2022,37208,香川県 三豊市,80629974
1985,37322,香川県 土庄町,14197817
1986,37322,香川県 土庄町,15108357
1987,37322,香川県 土庄町,15986437
1988,37322,香川県 土庄町,16778870
1989,37322,香川県 土庄町,17597512
1990,37322,香川県 土庄町,18106177
1991,37322,香川県 土庄町,19827434
1992,37322,香川県 土庄町,20271235
1993,37322,香川県 土庄町,20977641
1994,37322,香川県 土庄町,21809371
1995,37322,香川県 土庄町,21752404
1996,37322,香川県 土庄町,21426461
1997,37322,香川県 土庄町,21720469
1998,37322,香川県 土庄町,21685440
1999,37322,香川県 土庄町,21016412
2000,37322,香川県 土庄町,20644014
2001,37322,香川県 土庄町,20030906
2002,37322,香川県 土庄町,19218454
2003,37322,香川県 土庄町,18166471
2004,37322,香川県 土庄町,17229433
2005,37322,香川県 土庄町,16631532
2006,37322,香川県 土庄町,17276853
2007,37322,香川県 土庄町,16789880
2008,37322,香川県 土庄町,16894675
2009,37322,香川県 土庄町,16059011
2010,37322,香川県 土庄町,15459260
2011,37322,香川県 土庄町,15257143
2012,37322,香川県 土庄町,15004152
2013,37322,香川県 土庄町,14703884
2014,37322,香川県 土庄町,14705988
2015,37322,香川県 土庄町,14365382
2016,37322,香川県 土庄町,14602211
2017,37322,香川県 土庄町,15085759
2018,37322,香川県 土庄町,14977341
2019,37322,香川県 土庄町,14933647
2020,37322,香川県 土庄町,15087861
2021,37322,香川県 土庄町,15347429
2022,37322,香川県 土庄町,15183625
2006,37324,香川県 小豆島町,18649531
2007,37324,香川県 小豆島町,17904285
2008,37324,香川県 小豆島町,17924278
2009,37324,香川県 小豆島町,16810774
2010,37324,香川県 小豆島町,15724675
2011,37324,香川県 小豆島町,15827020
2012,37324,香川県 小豆島町,15802920
2013,37324,香川県 小豆島町,15461147
2014,37324,香川県 小豆島町,15520598
2015,37324,香川県 小豆島町,15017477
2016,37324,香川県 小豆島町,15113867
2017,37324,香川県 小豆島町,15382972
2018,37324,香川県 小豆島町,15583094
2019,37324,香川県 小豆島町,15610062
2020,37324,香川県 小豆島町,15427251
2021,37324,香川県 小豆島町,15882309
2022,37324,香川県 小豆島町,15898501
1985,37364,香川県 直島町,4913248
1986,37364,香川県 直島町,5156239
1987,37364,香川県 直島町,5347370
1988,37364,香川県 直島町,5696107
1989,37364,香川県 直島町,5787026
1990,37364,香川県 直島町,6031920
1991,37364,香川県 直島町,6494639
1992,37364,香川県 直島町,6570348
1993,37364,香川県 直島町,6683382
1994,37364,香川県 直島町,6560775
1995,37364,香川県 直島町,6501744
1996,37364,香川県 直島町,6209170
1997,37364,香川県 直島町,6061996
1998,37364,香川県 直島町,6177239
1999,37364,香川県 直島町,6133580
2000,37364,香川県 直島町,5647908
2001,37364,香川県 直島町,5713343
2002,37364,香川県 直島町,5766339
2003,37364,香川県 直島町,5341422
2004,37364,香川県 直島町,5052889
2005,37364,香川県 直島町,4989752
2006,37364,香川県 直島町,5348257
2007,37364,香川県 直島町,5431147
2008,37364,香川県 直島町,5495811
2009,37364,香川県 直島町,5348898
2010,37364,香川県 直島町,4925845
2011,37364,香川県 直島町,4732498
2012,37364,香川県 直島町,4759873
2013,37364,香川県 直島町,4684187
2014,37364,香川県 直島町,4776074
2015,37364,香川県 直島町,4789067
2016,37364,香川県 直島町,4735247
2017,37364,香川県 直島町,4911192
2018,37364,香川県 直島町,4895219
2019,37364,香川県 直島町,4912633
2020,37364,香川県 直島町,5009638
2021,37364,香川県 直島町,5149976
2022,37364,香川県 直島町,5091239
1985,37404,香川県 多度津町,20646221
1986,37404,香川県 多度津町,21526341
1987,37404,香川県 多度津町,21853987
1988,37404,香川県 多度津町,22527078
1989,37404,香川県 多度津町,23586500
1990,37404,香川県 多度津町,24714947
1991,37404,香川県 多度津町,27960514
1992,37404,香川県 多度津町,29735382
1993,37404,香川県 多度津町,30157294
1994,37404,香川県 多度津町,31001210
1995,37404,香川県 多度津町,32516995
1996,37404,香川県 多度津町,32332888
1997,37404,香川県 多度津町,33593964
1998,37404,香川県 多度津町,33704227
1999,37404,香川県 多度津町,33013764
2000,37404,香川県 多度津町,32180139
2001,37404,香川県 多度津町,31545767
2002,37404,香川県 多度津町,30833864
2003,37404,香川県 多度津町,29820693
2004,37404,香川県 多度津町,28995523
2005,37404,香川県 多度津町,29473452
2006,37404,香川県 多度津町,30606855
2007,37404,香川県 多度津町,30932440
2008,37404,香川県 多度津町,31017486
2009,37404,香川県 多度津町,30053271
2010,37404,香川県 多度津町,28664478
2011,37404,香川県 多度津町,28402138
2012,37404,香川県 多度津町,28411406
2013,37404,香川県 多度津町,28112548
2014,37404,香川県 多度津町,27914455
2015,37404,香川県 多度津町,27874868
2016,37404,香川県 多度津町,28680484
2017,37404,香川県 多度津町,29438000
2018,37404,香川県 多度津町,29026878
2019,37404,香川県 多度津町,29153451
2020,37404,香川県 多度津町,29146565
2021,37404,香川県 多度津町,29669941
2022,37404,香川県 多度津町,29477007
1985,37426,（旧）香川県 詫間町,12279925
1986,37426,（旧）香川県 詫間町,13004401
1987,37426,（旧）香川県 詫間町,13439168
1988,37426,（旧）香川県 詫間町,13640203
1989,37426,（旧）香川県 詫間町,14510584
1990,37426,（旧）香川県 詫間町,15063715
1991,37426,（旧）香川県 詫間町,17049198
1992,37426,（旧）香川県 詫間町,18221352
1993,37426,（旧）香川県 詫間町,18499913
1994,37426,（旧）香川県 詫間町,19739298
1995,37426,（旧）香川県 詫間町,19606877
1996,37426,（旧）香川県 詫間町,19674189
1997,37426,（旧）香川県 詫間町,20379989
1998,37426,（旧）香川県 詫間町,20443333
1999,37426,（旧）香川県 詫間町,19947168
2000,37426,（旧）香川県 詫間町,18909979
2001,37426,（旧）香川県 詫間町,18760278
2002,37426,（旧）香川県 詫間町,18040358
2003,37426,（旧）香川県 詫間町,17331583
2004,37426,（旧）香川県 詫間町,16877412
2005,37426,（旧）香川県 詫間町,16931617
1985,38201,愛媛県 松山市,340366358
1986,38201,愛媛県 松山市,356925623
1987,38201,愛媛県 松山市,370340566
1988,38201,愛媛県 松山市,388728962
1989,38201,愛媛県 松山市,420978536
1990,38201,愛媛県 松山市,457160021
1991,38201,愛媛県 松山市,512134202
1992,38201,愛媛県 松山市,546706937
1993,38201,愛媛県 松山市,545804032
1994,38201,愛媛県 松山市,572103389
1995,38201,愛媛県 松山市,591626468
1996,38201,愛媛県 松山市,607954798
1997,38201,愛媛県 松山市,632283095
1998,38201,愛媛県 松山市,631913800
1999,38201,愛媛県 松山市,624086855
2000,38201,愛媛県 松山市,616259627
2001,38201,愛媛県 松山市,606085231
2002,38201,愛媛県 松山市,600153854
2003,38201,愛媛県 松山市,583402024
2004,38201,愛媛県 松山市,574774365
2005,38201,愛媛県 松山市,616174405
2006,38201,愛媛県 松山市,642636887
2007,38201,愛媛県 松山市,640825831
2008,38201,愛媛県 松山市,636801522
2009,38201,愛媛県 松山市,624388285
2010,38201,愛媛県 松山市,597363820
2011,38201,愛媛県 松山市,596493111
2012,38201,愛媛県 松山市,597762777
2013,38201,愛媛県 松山市,601540192
2014,38201,愛媛県 松山市,611980688
2015,38201,愛媛県 松山市,622884884
2016,38201,愛媛県 松山市,646934425
2017,38201,愛媛県 松山市,650773467
2018,38201,愛媛県 松山市,666880499
2019,38201,愛媛県 松山市,679147276
2020,38201,愛媛県 松山市,687158746
2021,38201,愛媛県 松山市,706583280
2022,38201,愛媛県 松山市,719783097
1985,38202,愛媛県 今治市,90695023
1986,38202,愛媛県 今治市,93374903
1987,38202,愛媛県 今治市,92959575
1988,38202,愛媛県 今治市,95925647
1989,38202,愛媛県 今治市,101095580
1990,38202,愛媛県 今治市,108777584
1991,38202,愛媛県 今治市,120209050
1992,38202,愛媛県 今治市,132755292
1993,38202,愛媛県 今治市,132803038
1994,38202,愛媛県 今治市,136117383
1995,38202,愛媛県 今治市,136918350
1996,38202,愛媛県 今治市,138371279
1997,38202,愛媛県 今治市,140649420
1998,38202,愛媛県 今治市,143666601
1999,38202,愛媛県 今治市,139692075
2000,38202,愛媛県 今治市,137204160
2001,38202,愛媛県 今治市,132852736
2002,38202,愛媛県 今治市,127344520
2003,38202,愛媛県 今治市,125325656
2004,38202,愛媛県 今治市,122784399
2005,38202,愛媛県 今治市,181413444
2006,38202,愛媛県 今治市,191302600
2007,38202,愛媛県 今治市,191707361
2008,38202,愛媛県 今治市,193216634
2009,38202,愛媛県 今治市,192529114
2010,38202,愛媛県 今治市,184242163
2011,38202,愛媛県 今治市,179901709
2012,38202,愛媛県 今治市,178161907
2013,38202,愛媛県 今治市,179014330
2014,38202,愛媛県 今治市,174903235
2015,38202,愛媛県 今治市,177695800
2016,38202,愛媛県 今治市,179567648
2017,38202,愛媛県 今治市,184211240
2018,38202,愛媛県 今治市,183954357
2019,38202,愛媛県 今治市,192013128
2020,38202,愛媛県 今治市,188457931
2021,38202,愛媛県 今治市,190189692
2022,38202,愛媛県 今治市,198932615
1985,38203,愛媛県 宇和島市,47189752
1986,38203,愛媛県 宇和島市,48032021
1987,38203,愛媛県 宇和島市,48552403
1988,38203,愛媛県 宇和島市,49216652
1989,38203,愛媛県 宇和島市,51556082
1990,38203,愛媛県 宇和島市,55365287
1991,38203,愛媛県 宇和島市,63228727
1992,38203,愛媛県 宇和島市,67266330
1993,38203,愛媛県 宇和島市,67287320
1994,38203,愛媛県 宇和島市,70357873
1995,38203,愛媛県 宇和島市,72224378
1996,38203,愛媛県 宇和島市,72193101
1997,38203,愛媛県 宇和島市,72351004
1998,38203,愛媛県 宇和島市,72920639
1999,38203,愛媛県 宇和島市,71271825
2000,38203,愛媛県 宇和島市,68349209
2001,38203,愛媛県 宇和島市,66370257
2002,38203,愛媛県 宇和島市,64246843
2003,38203,愛媛県 宇和島市,62122020
2004,38203,愛媛県 宇和島市,59305091
2005,38203,愛媛県 宇和島市,58865252
2006,38203,愛媛県 宇和島市,83963798
2007,38203,愛媛県 宇和島市,83104185
2008,38203,愛媛県 宇和島市,81753459
2009,38203,愛媛県 宇和島市,77635224
2010,38203,愛媛県 宇和島市,73846549
2011,38203,愛媛県 宇和島市,73452725
2012,38203,愛媛県 宇和島市,73190998
2013,38203,愛媛県 宇和島市,73505520
2014,38203,愛媛県 宇和島市,73862400
2015,38203,愛媛県 宇和島市,72344935
2016,38203,愛媛県 宇和島市,75153929
2017,38203,愛媛県 宇和島市,76801983
2018,38203,愛媛県 宇和島市,76776232
2019,38203,愛媛県 宇和島市,78871518
2020,38203,愛媛県 宇和島市,79214603
2021,38203,愛媛県 宇和島市,82735007
2022,38203,愛媛県 宇和島市,81678498
1985,38204,愛媛県 八幡浜市,28347751
1986,38204,愛媛県 八幡浜市,28545965
1987,38204,愛媛県 八幡浜市,29863356
1988,38204,愛媛県 八幡浜市,29143776
1989,38204,愛媛県 八幡浜市,32042299
1990,38204,愛媛県 八幡浜市,31764678
1991,38204,愛媛県 八幡浜市,34480157
1992,38204,愛媛県 八幡浜市,39932395
1993,38204,愛媛県 八幡浜市,37983355
1994,38204,愛媛県 八幡浜市,37040283
1995,38204,愛媛県 八幡浜市,40283078
1996,38204,愛媛県 八幡浜市,40469449
1997,38204,愛媛県 八幡浜市,41880420
1998,38204,愛媛県 八幡浜市,38191069
1999,38204,愛媛県 八幡浜市,40759216
2000,38204,愛媛県 八幡浜市,36397619
2001,38204,愛媛県 八幡浜市,36564445
2002,38204,愛媛県 八幡浜市,34081101
2003,38204,愛媛県 八幡浜市,33751844
2004,38204,愛媛県 八幡浜市,31150591
2005,38204,愛媛県 八幡浜市,42008269
2006,38204,愛媛県 八幡浜市,41951400
2007,38204,愛媛県 八幡浜市,42698341
2008,38204,愛媛県 八幡浜市,40702035
2009,38204,愛媛県 八幡浜市,39703693
2010,38204,愛媛県 八幡浜市,37469749
2011,38204,愛媛県 八幡浜市,38614232
2012,38204,愛媛県 八幡浜市,37727912
2013,38204,愛媛県 八幡浜市,37699462
2014,38204,愛媛県 八幡浜市,37660815
2015,38204,愛媛県 八幡浜市,36203663
2016,38204,愛媛県 八幡浜市,37542354
2017,38204,愛媛県 八幡浜市,38209984
2018,38204,愛媛県 八幡浜市,38025910
2019,38204,愛媛県 八幡浜市,37800363
2020,38204,愛媛県 八幡浜市,37874076
2021,38204,愛媛県 八幡浜市,39636752
2022,38204,愛媛県 八幡浜市,39409594
1985,38205,愛媛県 新居浜市,98633248
1986,38205,愛媛県 新居浜市,103653397
1987,38205,愛媛県 新居浜市,106725025
1988,38205,愛媛県 新居浜市,108227547
1989,38205,愛媛県 新居浜市,115827745
1990,38205,愛媛県 新居浜市,123747003
1991,38205,愛媛県 新居浜市,140682915
1992,38205,愛媛県 新居浜市,152629109
1993,38205,愛媛県 新居浜市,152916951
1994,38205,愛媛県 新居浜市,156449056
1995,38205,愛媛県 新居浜市,156725616
1996,38205,愛媛県 新居浜市,157165636
1997,38205,愛媛県 新居浜市,160245071
1998,38205,愛媛県 新居浜市,162902398
1999,38205,愛媛県 新居浜市,159996183
2000,38205,愛媛県 新居浜市,155254046
2001,38205,愛媛県 新居浜市,153782797
2002,38205,愛媛県 新居浜市,151071455
2003,38205,愛媛県 新居浜市,144212241
2004,38205,愛媛県 新居浜市,142290283
2005,38205,愛媛県 新居浜市,145590304
2006,38205,愛媛県 新居浜市,156666028
2007,38205,愛媛県 新居浜市,158624211
2008,38205,愛媛県 新居浜市,160337820
2009,38205,愛媛県 新居浜市,157883540
2010,38205,愛媛県 新居浜市,148497440
2011,38205,愛媛県 新居浜市,146930920
2012,38205,愛媛県 新居浜市,148416521
2013,38205,愛媛県 新居浜市,148332486
2014,38205,愛媛県 新居浜市,147173928
2015,38205,愛媛県 新居浜市,148529489
2016,38205,愛媛県 新居浜市,153549726
2017,38205,愛媛県 新居浜市,152242766
2018,38205,愛媛県 新居浜市,155618404
2019,38205,愛媛県 新居浜市,158600050
2020,38205,愛媛県 新居浜市,159413294
2021,38205,愛媛県 新居浜市,163806087
2022,38205,愛媛県 新居浜市,166320267
1985,38207,愛媛県 大洲市,24081735
1986,38207,愛媛県 大洲市,25028373
1987,38207,愛媛県 大洲市,26207628
1988,38207,愛媛県 大洲市,27685778
1989,38207,愛媛県 大洲市,29342067
1990,38207,愛媛県 大洲市,29943833
1991,38207,愛媛県 大洲市,32317370
1992,38207,愛媛県 大洲市,37064497
1993,38207,愛媛県 大洲市,36874396
1994,38207,愛媛県 大洲市,39659597
1995,38207,愛媛県 大洲市,40919348
1996,38207,愛媛県 大洲市,41900048
1997,38207,愛媛県 大洲市,43566185
1998,38207,愛媛県 大洲市,44411657
1999,38207,愛媛県 大洲市,44862284
2000,38207,愛媛県 大洲市,44366364
2001,38207,愛媛県 大洲市,42695011
2002,38207,愛媛県 大洲市,41084543
2003,38207,愛媛県 大洲市,39830876
2004,38207,愛媛県 大洲市,39009775
2005,38207,愛媛県 大洲市,48625670
2006,38207,愛媛県 大洲市,48897422
2007,38207,愛媛県 大洲市,47459564
2008,38207,愛媛県 大洲市,45737269
2009,38207,愛媛県 大洲市,44170987
2010,38207,愛媛県 大洲市,42279995
2011,38207,愛媛県 大洲市,41347278
2012,38207,愛媛県 大洲市,41574176
2013,38207,愛媛県 大洲市,41498370
2014,38207,愛媛県 大洲市,42056479
2015,38207,愛媛県 大洲市,43024192
2016,38207,愛媛県 大洲市,42939192
2017,38207,愛媛県 大洲市,43431981
2018,38207,愛媛県 大洲市,43956188
2019,38207,愛媛県 大洲市,42656849
2020,38207,愛媛県 大洲市,43101645
2021,38207,愛媛県 大洲市,45271865
2022,38207,愛媛県 大洲市,46098641
1985,38211,（旧）愛媛県 北条市,19316639
1986,38211,（旧）愛媛県 北条市,20043563
1987,38211,（旧）愛媛県 北条市,20807823
1988,38211,（旧）愛媛県 北条市,20746345
1989,38211,（旧）愛媛県 北条市,22382365
1990,38211,（旧）愛媛県 北条市,24065571
1991,38211,（旧）愛媛県 北条市,26890498
1992,38211,（旧）愛媛県 北条市,28843056
1993,38211,（旧）愛媛県 北条市,29680082
1994,38211,（旧）愛媛県 北条市,29621449
1995,38211,（旧）愛媛県 北条市,30771679
1996,38211,（旧）愛媛県 北条市,31793826
1997,38211,（旧）愛媛県 北条市,32877413
1998,38211,（旧）愛媛県 北条市,32062338
1999,38211,（旧）愛媛県 北条市,30713236
2000,38211,（旧）愛媛県 北条市,29905099
2001,38211,（旧）愛媛県 北条市,28905862
2002,38211,（旧）愛媛県 北条市,28857907
2003,38211,（旧）愛媛県 北条市,27634003
2004,38211,（旧）愛媛県 北条市,26782279
1985,38343,（旧）愛媛県 波方町,6883859
1986,38343,（旧）愛媛県 波方町,7134630
1987,38343,（旧）愛媛県 波方町,6587565
1988,38343,（旧）愛媛県 波方町,6380026
1989,38343,（旧）愛媛県 波方町,6826059
1990,38343,（旧）愛媛県 波方町,7494439
1991,38343,（旧）愛媛県 波方町,8721310
1992,38343,（旧）愛媛県 波方町,10390578
1993,38343,（旧）愛媛県 波方町,10710079
1994,38343,（旧）愛媛県 波方町,10740216
1995,38343,（旧）愛媛県 波方町,10898814
1996,38343,（旧）愛媛県 波方町,11253622
1997,38343,（旧）愛媛県 波方町,11613993
1998,38343,（旧）愛媛県 波方町,12206339
1999,38343,（旧）愛媛県 波方町,11425881
2000,38343,（旧）愛媛県 波方町,10636376
2001,38343,（旧）愛媛県 波方町,10405730
2002,38343,（旧）愛媛県 波方町,9924205
2003,38343,（旧）愛媛県 波方町,9941366
2004,38343,（旧）愛媛県 波方町,9793754
1985,38347,（旧）愛媛県 宮窪町,2682905
1986,38347,（旧）愛媛県 宮窪町,2668138
1987,38347,（旧）愛媛県 宮窪町,2747943
1988,38347,（旧）愛媛県 宮窪町,2662590
1989,38347,（旧）愛媛県 宮窪町,2925427
1990,38347,（旧）愛媛県 宮窪町,2991981
1991,38347,（旧）愛媛県 宮窪町,3280487
1992,38347,（旧）愛媛県 宮窪町,3639712
1993,38347,（旧）愛媛県 宮窪町,3422881
1994,38347,（旧）愛媛県 宮窪町,3288143
1995,38347,（旧）愛媛県 宮窪町,3480660
1996,38347,（旧）愛媛県 宮窪町,3339165
1997,38347,（旧）愛媛県 宮窪町,3343581
1998,38347,（旧）愛媛県 宮窪町,3359001
1999,38347,（旧）愛媛県 宮窪町,3287285
2000,38347,（旧）愛媛県 宮窪町,3049023
2001,38347,（旧）愛媛県 宮窪町,2949936
2002,38347,（旧）愛媛県 宮窪町,2834222
2003,38347,（旧）愛媛県 宮窪町,2651353
2004,38347,（旧）愛媛県 宮窪町,2561183
1985,38348,（旧）愛媛県 伯方町,5853899
1986,38348,（旧）愛媛県 伯方町,5873162
1987,38348,（旧）愛媛県 伯方町,5790184
1988,38348,（旧）愛媛県 伯方町,5700712
1989,38348,（旧）愛媛県 伯方町,5981428
1990,38348,（旧）愛媛県 伯方町,6257134
1991,38348,（旧）愛媛県 伯方町,7888439
1992,38348,（旧）愛媛県 伯方町,8359780
1993,38348,（旧）愛媛県 伯方町,8879188
1994,38348,（旧）愛媛県 伯方町,8699216
1995,38348,（旧）愛媛県 伯方町,8726381
1996,38348,（旧）愛媛県 伯方町,9051240
1997,38348,（旧）愛媛県 伯方町,8997645
1998,38348,（旧）愛媛県 伯方町,9185676
1999,38348,（旧）愛媛県 伯方町,8793495
2000,38348,（旧）愛媛県 伯方町,8538893
2001,38348,（旧）愛媛県 伯方町,8270780
2002,38348,（旧）愛媛県 伯方町,8084459
2003,38348,（旧）愛媛県 伯方町,7616624
2004,38348,（旧）愛媛県 伯方町,7464688
1985,38349,（旧）愛媛県 魚島村,246771
1986,38349,（旧）愛媛県 魚島村,238373
1987,38349,（旧）愛媛県 魚島村,257336
1988,38349,（旧）愛媛県 魚島村,259107
1989,38349,（旧）愛媛県 魚島村,280925
1990,38349,（旧）愛媛県 魚島村,294637
1991,38349,（旧）愛媛県 魚島村,340038
1992,38349,（旧）愛媛県 魚島村,431558
1993,38349,（旧）愛媛県 魚島村,383450
1994,38349,（旧）愛媛県 魚島村,349753
1995,38349,（旧）愛媛県 魚島村,354577
1996,38349,（旧）愛媛県 魚島村,374189
1997,38349,（旧）愛媛県 魚島村,359005
1998,38349,（旧）愛媛県 魚島村,360534
1999,38349,（旧）愛媛県 魚島村,359188
2000,38349,（旧）愛媛県 魚島村,363819
2001,38349,（旧）愛媛県 魚島村,328795
2002,38349,（旧）愛媛県 魚島村,331131
2003,38349,（旧）愛媛県 魚島村,321791
2004,38349,（旧）愛媛県 魚島村,291891
1985,38350,（旧）愛媛県 弓削町,4123913
1986,38350,（旧）愛媛県 弓削町,4133198
1987,38350,（旧）愛媛県 弓削町,3697648
1988,38350,（旧）愛媛県 弓削町,3100962
1989,38350,（旧）愛媛県 弓削町,3344105
1990,38350,（旧）愛媛県 弓削町,3419451
1991,38350,（旧）愛媛県 弓削町,3801607
1992,38350,（旧）愛媛県 弓削町,4258151
1993,38350,（旧）愛媛県 弓削町,4403173
1994,38350,（旧）愛媛県 弓削町,4595563
1995,38350,（旧）愛媛県 弓削町,4490019
1996,38350,（旧）愛媛県 弓削町,4534940
1997,38350,（旧）愛媛県 弓削町,4643675
1998,38350,（旧）愛媛県 弓削町,4786254
1999,38350,（旧）愛媛県 弓削町,4435101
2000,38350,（旧）愛媛県 弓削町,4259137
2001,38350,（旧）愛媛県 弓削町,4005504
2002,38350,（旧）愛媛県 弓削町,3970686
2003,38350,（旧）愛媛県 弓削町,3839589
2004,38350,（旧）愛媛県 弓削町,3607569
1985,38351,（旧）愛媛県 生名村,2159291
1986,38351,（旧）愛媛県 生名村,2088091
1987,38351,（旧）愛媛県 生名村,1681577
1988,38351,（旧）愛媛県 生名村,1174459
1989,38351,（旧）愛媛県 生名村,1373351
1990,38351,（旧）愛媛県 生名村,1527514
1991,38351,（旧）愛媛県 生名村,1847317
1992,38351,（旧）愛媛県 生名村,2082964
1993,38351,（旧）愛媛県 生名村,2317409
1994,38351,（旧）愛媛県 生名村,2360066
1995,38351,（旧）愛媛県 生名村,2342868
1996,38351,（旧）愛媛県 生名村,2382759
1997,38351,（旧）愛媛県 生名村,2386233
1998,38351,（旧）愛媛県 生名村,2410995
1999,38351,（旧）愛媛県 生名村,2328288
2000,38351,（旧）愛媛県 生名村,2166114
2001,38351,（旧）愛媛県 生名村,2003864
2002,38351,（旧）愛媛県 生名村,2037337
2003,38351,（旧）愛媛県 生名村,1926035
2004,38351,（旧）愛媛県 生名村,1842487
1985,38352,（旧）愛媛県 岩城村,1768083
1986,38352,（旧）愛媛県 岩城村,1618677
1987,38352,（旧）愛媛県 岩城村,1449288
1988,38352,（旧）愛媛県 岩城村,1221677
1989,38352,（旧）愛媛県 岩城村,1516010
1990,38352,（旧）愛媛県 岩城村,1645257
1991,38352,（旧）愛媛県 岩城村,2097692
1992,38352,（旧）愛媛県 岩城村,2331241
1993,38352,（旧）愛媛県 岩城村,2487998
1994,38352,（旧）愛媛県 岩城村,2464594
1995,38352,（旧）愛媛県 岩城村,2477865
1996,38352,（旧）愛媛県 岩城村,2606589
1997,38352,（旧）愛媛県 岩城村,2586324
1998,38352,（旧）愛媛県 岩城村,2656993
1999,38352,（旧）愛媛県 岩城村,2670886
2000,38352,（旧）愛媛県 岩城村,2489480
2001,38352,（旧）愛媛県 岩城村,2313770
2002,38352,（旧）愛媛県 岩城村,2379896
2003,38352,（旧）愛媛県 岩城村,2346157
2004,38352,（旧）愛媛県 岩城村,2539596
1985,38354,（旧）愛媛県 大三島町,2861505
1986,38354,（旧）愛媛県 大三島町,2782148
1987,38354,（旧）愛媛県 大三島町,2824743
1988,38354,（旧）愛媛県 大三島町,2721675
1989,38354,（旧）愛媛県 大三島町,3017637
1990,38354,（旧）愛媛県 大三島町,3098886
1991,38354,（旧）愛媛県 大三島町,3520636
1992,38354,（旧）愛媛県 大三島町,3830368
1993,38354,（旧）愛媛県 大三島町,4141692
1994,38354,（旧）愛媛県 大三島町,3784805
1995,38354,（旧）愛媛県 大三島町,4060402
1996,38354,（旧）愛媛県 大三島町,4305305
1997,38354,（旧）愛媛県 大三島町,4254433
1998,38354,（旧）愛媛県 大三島町,4068208
1999,38354,（旧）愛媛県 大三島町,3995908
2000,38354,（旧）愛媛県 大三島町,4025369
2001,38354,（旧）愛媛県 大三島町,3835912
2002,38354,（旧）愛媛県 大三島町,3332765
2003,38354,（旧）愛媛県 大三島町,3220511
2004,38354,（旧）愛媛県 大三島町,3071699
1985,38355,（旧）愛媛県 関前村,685293
1986,38355,（旧）愛媛県 関前村,673744
1987,38355,（旧）愛媛県 関前村,721626
1988,38355,（旧）愛媛県 関前村,613291
1989,38355,（旧）愛媛県 関前村,673792
1990,38355,（旧）愛媛県 関前村,672126
1991,38355,（旧）愛媛県 関前村,736077
1992,38355,（旧）愛媛県 関前村,775637
1993,38355,（旧）愛媛県 関前村,791167
1994,38355,（旧）愛媛県 関前村,782500
1995,38355,（旧）愛媛県 関前村,907675
1996,38355,（旧）愛媛県 関前村,895833
1997,38355,（旧）愛媛県 関前村,928729
1998,38355,（旧）愛媛県 関前村,906312
1999,38355,（旧）愛媛県 関前村,1010753
2000,38355,（旧）愛媛県 関前村,734788
2001,38355,（旧）愛媛県 関前村,739757
2002,38355,（旧）愛媛県 関前村,727108
2003,38355,（旧）愛媛県 関前村,690046
2004,38355,（旧）愛媛県 関前村,590493
2005,38356,愛媛県 上島町,8159424
2006,38356,愛媛県 上島町,9114417
2007,38356,愛媛県 上島町,8633538
2008,38356,愛媛県 上島町,8504633
2009,38356,愛媛県 上島町,8537949
2010,38356,愛媛県 上島町,7965620
2011,38356,愛媛県 上島町,7623185
2012,38356,愛媛県 上島町,7117796
2013,38356,愛媛県 上島町,6654459
2014,38356,愛媛県 上島町,6243388
2015,38356,愛媛県 上島町,6340950
2016,38356,愛媛県 上島町,6480744
2017,38356,愛媛県 上島町,6693891
2018,38356,愛媛県 上島町,6526665
2019,38356,愛媛県 上島町,6467677
2020,38356,愛媛県 上島町,6505117
2021,38356,愛媛県 上島町,6523944
2022,38356,愛媛県 上島町,6266254
1985,38363,（旧）愛媛県 中島町,3279360
1986,38363,（旧）愛媛県 中島町,3803921
1987,38363,（旧）愛媛県 中島町,3525895
1988,38363,（旧）愛媛県 中島町,3168674
1989,38363,（旧）愛媛県 中島町,3911645
1990,38363,（旧）愛媛県 中島町,4495673
1991,38363,（旧）愛媛県 中島町,5091661
1992,38363,（旧）愛媛県 中島町,4977619
1993,38363,（旧）愛媛県 中島町,4557420
1994,38363,（旧）愛媛県 中島町,4338781
1995,38363,（旧）愛媛県 中島町,5732223
1996,38363,（旧）愛媛県 中島町,6681681
1997,38363,（旧）愛媛県 中島町,5562266
1998,38363,（旧）愛媛県 中島町,4974298
1999,38363,（旧）愛媛県 中島町,6039497
2000,38363,（旧）愛媛県 中島町,4456195
2001,38363,（旧）愛媛県 中島町,4318813
2002,38363,（旧）愛媛県 中島町,4345719
2003,38363,（旧）愛媛県 中島町,4048346
2004,38363,（旧）愛媛県 中島町,3505523
1985,38421,（旧）愛媛県 長浜町,6037351
1986,38421,（旧）愛媛県 長浜町,6224489
1987,38421,（旧）愛媛県 長浜町,6242555
1988,38421,（旧）愛媛県 長浜町,6233633
1989,38421,（旧）愛媛県 長浜町,6544428
1990,38421,（旧）愛媛県 長浜町,6590639
1991,38421,（旧）愛媛県 長浜町,6986360
1992,38421,（旧）愛媛県 長浜町,8349069
1993,38421,（旧）愛媛県 長浜町,8215915
1994,38421,（旧）愛媛県 長浜町,8298247
1995,38421,（旧）愛媛県 長浜町,8553474
1996,38421,（旧）愛媛県 長浜町,8673908
1997,38421,（旧）愛媛県 長浜町,8838648
1998,38421,（旧）愛媛県 長浜町,8920674
1999,38421,（旧）愛媛県 長浜町,8753501
2000,38421,（旧）愛媛県 長浜町,8282476
2001,38421,（旧）愛媛県 長浜町,7913743
2002,38421,（旧）愛媛県 長浜町,7479428
2003,38421,（旧）愛媛県 長浜町,7166459
2004,38421,（旧）愛媛県 長浜町,6868489
1985,38441,（旧）愛媛県 保内町,7021397
1986,38441,（旧）愛媛県 保内町,7525663
1987,38441,（旧）愛媛県 保内町,7913394
1988,38441,（旧）愛媛県 保内町,7726215
1989,38441,（旧）愛媛県 保内町,8414042
1990,38441,（旧）愛媛県 保内町,9087630
1991,38441,（旧）愛媛県 保内町,9622761
1992,38441,（旧）愛媛県 保内町,11069987
1993,38441,（旧）愛媛県 保内町,11291390
1994,38441,（旧）愛媛県 保内町,10882296
1995,38441,（旧）愛媛県 保内町,11644318
1996,38441,（旧）愛媛県 保内町,12346748
1997,38441,（旧）愛媛県 保内町,12501238
1998,38441,（旧）愛媛県 保内町,11616567
1999,38441,（旧）愛媛県 保内町,11560354
2000,38441,（旧）愛媛県 保内町,11823057
2001,38441,（旧）愛媛県 保内町,11164278
2002,38441,（旧）愛媛県 保内町,10792343
2003,38441,（旧）愛媛県 保内町,10685636
2004,38441,（旧）愛媛県 保内町,10148941
1985,39206,高知県 須崎市,19092422
1986,39206,高知県 須崎市,19623935
1987,39206,高知県 須崎市,20629795
1988,39206,高知県 須崎市,21323341
1989,39206,高知県 須崎市,22859022
1990,39206,高知県 須崎市,22748163
1991,39206,高知県 須崎市,25359214
1992,39206,高知県 須崎市,26916863
1993,39206,高知県 須崎市,27438850
1994,39206,高知県 須崎市,28222513
1995,39206,高知県 須崎市,28316027
1996,39206,高知県 須崎市,27991150
1997,39206,高知県 須崎市,29533236
1998,39206,高知県 須崎市,29235877
1999,39206,高知県 須崎市,28695935
2000,39206,高知県 須崎市,27789520
2001,39206,高知県 須崎市,27149189
2002,39206,高知県 須崎市,25582656
2003,39206,高知県 須崎市,24396088
2004,39206,高知県 須崎市,23117568
2005,39206,高知県 須崎市,22965709
2006,39206,高知県 須崎市,23298030
2007,39206,高知県 須崎市,23158113
2008,39206,高知県 須崎市,22616693
2009,39206,高知県 須崎市,22013021
2010,39206,高知県 須崎市,21893762
2011,39206,高知県 須崎市,20706161
2012,39206,高知県 須崎市,20559808
2013,39206,高知県 須崎市,21079035
2014,39206,高知県 須崎市,20494043
2015,39206,高知県 須崎市,20631929
2016,39206,高知県 須崎市,21047253
2017,39206,高知県 須崎市,21235481
2018,39206,高知県 須崎市,21156099
2019,39206,高知県 須崎市,21597908
2020,39206,高知県 須崎市,20918415
2021,39206,高知県 須崎市,21722682
2022,39206,高知県 須崎市,22129467
1985,39208,高知県 宿毛市,14505114
1986,39208,高知県 宿毛市,15289506
1987,39208,高知県 宿毛市,16303397
1988,39208,高知県 宿毛市,16959577
1989,39208,高知県 宿毛市,17901133
1990,39208,高知県 宿毛市,18527825
1991,39208,高知県 宿毛市,19527320
1992,39208,高知県 宿毛市,21367441
1993,39208,高知県 宿毛市,22672431
1994,39208,高知県 宿毛市,22742820
1995,39208,高知県 宿毛市,23748508
1996,39208,高知県 宿毛市,23559245
1997,39208,高知県 宿毛市,24292405
1998,39208,高知県 宿毛市,24803436
1999,39208,高知県 宿毛市,24118264
2000,39208,高知県 宿毛市,23929478
2001,39208,高知県 宿毛市,23245303
2002,39208,高知県 宿毛市,22413480
2003,39208,高知県 宿毛市,22594682
2004,39208,高知県 宿毛市,21214656
2005,39208,高知県 宿毛市,21048350
2006,39208,高知県 宿毛市,21029470
2007,39208,高知県 宿毛市,20207587
2008,39208,高知県 宿毛市,19351610
2009,39208,高知県 宿毛市,18831105
2010,39208,高知県 宿毛市,18144578
2011,39208,高知県 宿毛市,18415966
2012,39208,高知県 宿毛市,18584283
2013,39208,高知県 宿毛市,18575052
2014,39208,高知県 宿毛市,18920959
2015,39208,高知県 宿毛市,19088873
2016,39208,高知県 宿毛市,19393764
2017,39208,高知県 宿毛市,19737157
2018,39208,高知県 宿毛市,20334583
2019,39208,高知県 宿毛市,20970351
2020,39208,高知県 宿毛市,20781354
2021,39208,高知県 宿毛市,21294008
2022,39208,高知県 宿毛市,21466645
1985,39424,高知県 大月町,2929657
1986,39424,高知県 大月町,3196210
1987,39424,高知県 大月町,3289612
1988,39424,高知県 大月町,3599019
1989,39424,高知県 大月町,3581717
1990,39424,高知県 大月町,3780758
1991,39424,高知県 大月町,4250902
1992,39424,高知県 大月町,4738273
1993,39424,高知県 大月町,5470242
1994,39424,高知県 大月町,4989212
1995,39424,高知県 大月町,5250720
1996,39424,高知県 大月町,5044518
1997,39424,高知県 大月町,5375992
1998,39424,高知県 大月町,5664031
1999,39424,高知県 大月町,5183111
2000,39424,高知県 大月町,5016657
2001,39424,高知県 大月町,4945611
2002,39424,高知県 大月町,4936373
2003,39424,高知県 大月町,4878393
2004,39424,高知県 大月町,4443189
2005,39424,高知県 大月町,4259996
2006,39424,高知県 大月町,4139572
2007,39424,高知県 大月町,4058392
2008,39424,高知県 大月町,3926649
2009,39424,高知県 大月町,3743364
2010,39424,高知県 大月町,3637614
2011,39424,高知県 大月町,3810502
2012,39424,高知県 大月町,3845218
2013,39424,高知県 大月町,3853640
2014,39424,高知県 大月町,3897426
2015,39424,高知県 大月町,4064721
2016,39424,高知県 大月町,4162575
2017,39424,高知県 大月町,4010966
2018,39424,高知県 大月町,3964782
2019,39424,高知県 大月町,3771609
2020,39424,高知県 大月町,3895125
2021,39424,高知県 大月町,3959873
2022,39424,高知県 大月町,4023831
